country,prob,currDateTime
Brazil,0.201204221,2022-11-21 12:30:44.000
Argentina,0.136519945,2022-11-21 12:30:44.000
France,0.09612959,2022-11-21 12:30:44.000
Spain,0.087839197,2022-11-21 12:30:44.000
England,0.089296795,2022-11-21 12:30:44.000
Germany,0.073317553,2022-11-21 12:30:44.000
Netherlands,0.065405514,2022-11-21 12:30:44.000
Portugal,0.05645113,2022-11-21 12:30:45.000
Belgium,0.044437481,2022-11-21 12:30:45.000
Denmark,0.029995061,2022-11-21 12:30:45.000
Uruguay,0.021435706,2022-11-21 12:30:45.000
Croatia,0.015246305,2022-11-21 12:30:45.000
Serbia,0.009808644,2022-11-21 12:30:45.000
Switzerland,0.008398423,2022-11-21 12:30:45.000
Ecuador,0.008209124,2022-11-21 12:30:45.000
Senegal,0.006750324,2022-11-21 12:30:45.000
Mexico,0.006276392,2022-11-21 12:30:45.000
USA,0.005988045,2022-11-21 12:30:45.000
Poland,0.005380493,2022-11-21 12:30:45.000
Wales,0.004755149,2022-11-21 12:30:45.000
Australia,0.002167279,2022-11-21 12:30:45.000
Morocco,0.00334997,2022-11-21 12:30:45.000
Japan,0.00312344,2022-11-21 12:30:45.000
Canada,0.002977904,2022-11-21 12:30:45.000
South Korea,0.00295758,2022-11-21 12:30:45.000
Cameroon,0.00265052,2022-11-21 12:30:45.000
Ghana,0.00258274,2022-11-21 12:30:45.000
Iran,0.001701356,2022-11-21 12:30:45.000
Tunisia,0.001662997,2022-11-21 12:30:45.000
Saudi Arabia,0.001347709,2022-11-21 12:30:45.000
Costa Rica,0.001381737,2022-11-21 12:30:45.000
Qatar,0.001251678,2022-11-21 12:30:45.000
Brazil,0.202967133,2022-11-21 16:22:30.000
Argentina,0.137096137,2022-11-21 16:22:30.000
England,0.08945761,2022-11-21 16:22:30.000
France,0.096122398,2022-11-21 16:22:30.000
Spain,0.087648347,2022-11-21 16:22:30.000
Germany,0.07305959,2022-11-21 16:22:30.000
Netherlands,0.06523123,2022-11-21 16:22:30.000
Portugal,0.056717247,2022-11-21 16:22:30.000
Belgium,0.04434804,2022-11-21 16:22:30.000
Denmark,0.029433231,2022-11-21 16:22:30.000
Uruguay,0.021303783,2022-11-21 16:22:30.000
Croatia,0.015376301,2022-11-21 16:22:30.000
Serbia,0.009691118,2022-11-21 16:22:30.000
Switzerland,0.008336644,2022-11-21 16:22:30.000
Senegal,0.006705313,2022-11-21 16:22:30.000
Ecuador,0.00788826,2022-11-21 16:22:30.000
Mexico,0.006116745,2022-11-21 16:22:30.000
USA,0.005858932,2022-11-21 16:22:31.000
Wales,0.004874291,2022-11-21 16:22:31.000
Poland,0.005348187,2022-11-21 16:22:31.000
Morocco,0.003274579,2022-11-21 16:22:31.000
Australia,0.002204562,2022-11-21 16:22:31.000
Japan,0.003076036,2022-11-21 16:22:31.000
Canada,0.002763735,2022-11-21 16:22:31.000
South Korea,0.002782107,2022-11-21 16:22:31.000
Cameroon,0.002480863,2022-11-21 16:22:31.000
Ghana,0.002424006,2022-11-21 16:22:31.000
Iran,0.001713067,2022-11-21 16:22:31.000
Tunisia,0.001663945,2022-11-21 16:22:31.000
Saudi Arabia,0.001385807,2022-11-21 16:22:31.000
Costa Rica,0.001400072,2022-11-21 16:22:31.000
Qatar,0.001250686,2022-11-21 16:22:31.000
Brazil,0.202640849,2022-11-21 17:45:05.000
Argentina,0.137114439,2022-11-21 17:45:05.000
England,0.089111981,2022-11-21 17:45:05.000
France,0.096167578,2022-11-21 17:45:05.000
Spain,0.08760734,2022-11-21 17:45:05.000
Germany,0.07315477,2022-11-21 17:45:05.000
Portugal,0.056631512,2022-11-21 17:45:05.000
Netherlands,0.065404663,2022-11-21 17:45:05.000
Belgium,0.044301589,2022-11-21 17:45:05.000
Denmark,0.029714533,2022-11-21 17:45:05.000
Uruguay,0.021450136,2022-11-21 17:45:05.000
Croatia,0.015224445,2022-11-21 17:45:05.000
Serbia,0.009715463,2022-11-21 17:45:05.000
Switzerland,0.008328205,2022-11-21 17:45:05.000
Senegal,0.006702335,2022-11-21 17:45:05.000
Ecuador,0.0080019,2022-11-21 17:45:05.000
Mexico,0.006138005,2022-11-21 17:45:05.000
USA,0.005892961,2022-11-21 17:45:05.000
Wales,0.004807711,2022-11-21 17:45:05.000
Poland,0.005353835,2022-11-21 17:45:05.000
Morocco,0.003275146,2022-11-21 17:45:05.000
Australia,0.002176912,2022-11-21 17:45:05.000
Japan,0.003086437,2022-11-21 17:45:05.000
Canada,0.002789604,2022-11-21 17:45:05.000
South Korea,0.002847553,2022-11-21 17:45:05.000
Cameroon,0.002520743,2022-11-21 17:45:05.000
Ghana,0.002466702,2022-11-21 17:45:05.000
Iran,0.00170976,2022-11-21 17:45:06.000
Tunisia,0.001663071,2022-11-21 17:45:06.000
Saudi Arabia,0.001371565,2022-11-21 17:45:06.000
Costa Rica,0.001385123,2022-11-21 17:45:06.000
Qatar,0.001243137,2022-11-21 17:45:06.000
Brazil,0.199789708,2022-11-21 19:16:30.000
Argentina,0.138802599,2022-11-21 19:16:30.000
England,0.101493054,2022-11-21 19:16:30.000
France,0.094398716,2022-11-21 19:16:30.000
Spain,0.082123681,2022-11-21 19:16:30.000
Germany,0.072698795,2022-11-21 19:16:30.000
Netherlands,0.069166431,2022-11-21 19:16:30.000
Portugal,0.057116401,2022-11-21 19:16:30.000
Belgium,0.042656797,2022-11-21 19:16:30.000
Denmark,0.028771732,2022-11-21 19:16:30.000
Uruguay,0.021442899,2022-11-21 19:16:30.000
Croatia,0.014447593,2022-11-21 19:16:30.000
Serbia,0.009459986,2022-11-21 19:16:30.000
Switzerland,0.007817602,2022-11-21 19:16:30.000
Ecuador,0.007658159,2022-11-21 19:16:30.000
Mexico,0.006131956,2022-11-21 19:16:30.000
USA,0.006038272,2022-11-21 19:16:30.000
Wales,0.004713129,2022-11-21 19:16:30.000
Senegal,0.004579407,2022-11-21 19:16:30.000
Poland,0.005088835,2022-11-21 19:16:30.000
Morocco,0.003132988,2022-11-21 19:16:30.000
Australia,0.002181751,2022-11-21 19:16:30.000
Japan,0.003005268,2022-11-21 19:16:30.000
Canada,0.002726161,2022-11-21 19:16:30.000
Cameroon,0.002572623,2022-11-21 19:16:30.000
Ghana,0.00246951,2022-11-21 19:16:30.000
South Korea,0.002865437,2022-11-21 19:16:30.000
Iran,0.00129929,2022-11-21 19:16:30.000
Tunisia,0.001630128,2022-11-21 19:16:30.000
Saudi Arabia,0.001325071,2022-11-21 19:16:30.000
Costa Rica,0.001337914,2022-11-21 19:16:30.000
Qatar,0.001058109,2022-11-21 19:16:30.000
Brazil,0.190671805,2022-11-20 16:01:39.000
Argentina,0.137782275,2022-11-20 16:01:39.000
France,0.106477235,2022-11-20 16:01:39.000
Spain,0.089913433,2022-11-20 16:01:39.000
England,0.089935148,2022-11-20 16:01:39.000
Germany,0.072568747,2022-11-20 16:01:39.000
Netherlands,0.064991251,2022-11-20 16:01:39.000
Portugal,0.053216469,2022-11-20 16:01:39.000
Belgium,0.047611982,2022-11-20 16:01:39.000
Denmark,0.030440521,2022-11-20 16:01:39.000
Uruguay,0.020883855,2022-11-20 16:01:39.000
Croatia,0.016000934,2022-11-20 16:01:39.000
Serbia,0.009064082,2022-11-20 16:01:39.000
Switzerland,0.008510207,2022-11-20 16:01:39.000
Senegal,0.007354499,2022-11-20 16:01:39.000
Mexico,0.006246493,2022-11-20 16:01:39.000
USA,0.005777605,2022-11-20 16:01:39.000
Poland,0.005344696,2022-11-20 16:01:39.000
Wales,0.004584593,2022-11-20 16:01:39.000
Ecuador,0.004676134,2022-11-20 16:01:39.000
Morocco,0.003301089,2022-11-20 16:01:39.000
Australia,0.002098493,2022-11-20 16:01:39.000
Qatar,0.002444619,2022-11-20 16:01:39.000
Japan,0.003246998,2022-11-20 16:01:39.000
Canada,0.002933832,2022-11-20 16:01:39.000
Iran,0.001708696,2022-11-20 16:01:39.000
South Korea,0.002912184,2022-11-20 16:01:39.000
Cameroon,0.002569158,2022-11-20 16:01:39.000
Ghana,0.002583622,2022-11-20 16:01:39.000
Tunisia,0.001594834,2022-11-20 16:01:39.000
Saudi Arabia,0.001312842,2022-11-20 16:01:39.000
Costa Rica,0.001241668,2022-11-20 16:01:39.000
Brazil,0.201204221,2022-11-21 12:10:22.000
Argentina,0.136519945,2022-11-21 12:10:22.000
France,0.09612959,2022-11-21 12:10:22.000
Spain,0.087839197,2022-11-21 12:10:22.000
England,0.089296795,2022-11-21 12:10:22.000
Germany,0.073317553,2022-11-21 12:10:22.000
Netherlands,0.065405514,2022-11-21 12:10:22.000
Portugal,0.05645113,2022-11-21 12:10:22.000
Belgium,0.044437481,2022-11-21 12:10:22.000
Denmark,0.029995061,2022-11-21 12:10:22.000
Uruguay,0.021435706,2022-11-21 12:10:22.000
Croatia,0.015246305,2022-11-21 12:10:22.000
Serbia,0.009808644,2022-11-21 12:10:22.000
Switzerland,0.008398423,2022-11-21 12:10:22.000
Ecuador,0.008209124,2022-11-21 12:10:22.000
Senegal,0.006750324,2022-11-21 12:10:22.000
Mexico,0.006276392,2022-11-21 12:10:22.000
USA,0.005988045,2022-11-21 12:10:22.000
Poland,0.005380493,2022-11-21 12:10:22.000
Wales,0.004755149,2022-11-21 12:10:22.000
Australia,0.002167279,2022-11-21 12:10:22.000
Morocco,0.00334997,2022-11-21 12:10:22.000
Japan,0.00312344,2022-11-21 12:10:22.000
Canada,0.002977904,2022-11-21 12:10:22.000
South Korea,0.00295758,2022-11-21 12:10:22.000
Cameroon,0.00265052,2022-11-21 12:10:22.000
Ghana,0.00258274,2022-11-21 12:10:22.000
Iran,0.001701356,2022-11-21 12:10:22.000
Tunisia,0.001662997,2022-11-21 12:10:22.000
Saudi Arabia,0.001347709,2022-11-21 12:10:22.000
Costa Rica,0.001381737,2022-11-21 12:10:22.000
Qatar,0.001251678,2022-11-21 12:10:22.000
Brazil,0.200398617,2022-11-21 18:57:56.000
Argentina,0.138394003,2022-11-21 18:57:56.000
England,0.100750694,2022-11-21 18:57:56.000
France,0.093927233,2022-11-21 18:57:56.000
Spain,0.082155492,2022-11-21 18:57:56.000
Germany,0.072815148,2022-11-21 18:57:56.000
Netherlands,0.069700471,2022-11-21 18:57:56.000
Portugal,0.057488594,2022-11-21 18:57:56.000
Belgium,0.042698808,2022-11-21 18:57:56.000
Denmark,0.028878502,2022-11-21 18:57:56.000
Uruguay,0.021551056,2022-11-21 18:57:56.000
Croatia,0.014443115,2022-11-21 18:57:56.000
Serbia,0.009413758,2022-11-21 18:57:56.000
Switzerland,0.007915649,2022-11-21 18:57:56.000
Ecuador,0.007671459,2022-11-21 18:57:56.000
Mexico,0.006111052,2022-11-21 18:57:57.000
USA,0.005941707,2022-11-21 18:57:57.000
Wales,0.004694995,2022-11-21 18:57:57.000
Senegal,0.004742851,2022-11-21 18:57:57.000
Poland,0.005048416,2022-11-21 18:57:57.000
Morocco,0.003118034,2022-11-21 18:57:57.000
Australia,0.002176574,2022-11-21 18:57:57.000
Japan,0.002963337,2022-11-21 18:57:57.000
Canada,0.002695115,2022-11-21 18:57:57.000
Cameroon,0.002513207,2022-11-21 18:57:57.000
Ghana,0.002427506,2022-11-21 18:57:57.000
South Korea,0.002805763,2022-11-21 18:57:57.000
Iran,0.001282332,2022-11-21 18:57:57.000
Tunisia,0.001598405,2022-11-21 18:57:57.000
Saudi Arabia,0.001306962,2022-11-21 18:57:57.000
Costa Rica,0.001319232,2022-11-21 18:57:57.000
Qatar,0.001051915,2022-11-21 18:57:57.000
Brazil,0.200376606,2022-11-21 19:10:22.000
Argentina,0.138822708,2022-11-21 19:10:22.000
England,0.100789331,2022-11-21 19:10:22.000
France,0.09390924,2022-11-21 19:10:22.000
Spain,0.082186997,2022-11-21 19:10:22.000
Germany,0.072843072,2022-11-21 19:10:22.000
Netherlands,0.069186881,2022-11-21 19:10:22.000
Portugal,0.057433151,2022-11-21 19:10:22.000
Belgium,0.042715183,2022-11-21 19:10:22.000
Denmark,0.028920655,2022-11-21 19:10:22.000
Uruguay,0.021559321,2022-11-21 19:10:22.000
Croatia,0.014533268,2022-11-21 19:10:22.000
Serbia,0.009497846,2022-11-21 19:10:22.000
Switzerland,0.00785611,2022-11-21 19:10:22.000
Ecuador,0.007583987,2022-11-21 19:10:22.000
Mexico,0.006154058,2022-11-21 19:10:22.000
USA,0.005963095,2022-11-21 19:10:22.000
Poland,0.005061481,2022-11-21 19:10:22.000
Wales,0.004696397,2022-11-21 19:10:22.000
Senegal,0.004572447,2022-11-21 19:10:22.000
Morocco,0.003117182,2022-11-21 19:10:22.000
Australia,0.002177408,2022-11-21 19:10:22.000
Japan,0.002964473,2022-11-21 19:10:22.000
Canada,0.002697721,2022-11-21 19:10:22.000
Cameroon,0.00253257,2022-11-21 19:10:22.000
Ghana,0.002434021,2022-11-21 19:10:22.000
South Korea,0.002812423,2022-11-21 19:10:22.000
Iran,0.001291025,2022-11-21 19:10:22.000
Tunisia,0.001607219,2022-11-21 19:10:22.000
Saudi Arabia,0.001315665,2022-11-21 19:10:22.000
Costa Rica,0.001327939,2022-11-21 19:10:22.000
Qatar,0.001060519,2022-11-21 19:10:22.000Brazil,0.2735472167971785,2022-12-05 16:54:36.729374
Argentina,0.1481553407418916,2022-12-05 16:54:36.738063
France,0.16568165260331244,2022-12-05 16:54:36.746826
Spain,0.10377155435742373,2022-12-05 16:54:36.755744
England,0.11978484290271178,2022-12-05 16:54:36.764468
Germany,0.0,2022-12-05 16:54:36.775132
Netherlands,0.06393993980903007,2022-12-05 16:54:36.784201
Portugal,0.06403683681969563,2022-12-05 16:54:36.793203
Belgium,0.0,2022-12-05 16:54:36.803787
Denmark,0.0,2022-12-05 16:54:36.814793
Uruguay,0.0,2022-12-05 16:54:36.825863
Croatia,0.020964990159190927,2022-12-05 16:54:36.835196
Serbia,0.0,2022-12-05 16:54:36.845881
Switzerland,0.011534660336416053,2022-12-05 16:54:36.855332
Senegal,0.0,2022-12-05 16:54:36.865697
Mexico,0.0,2022-12-05 16:54:36.876443
USA,0.0,2022-12-05 16:54:36.887309
Poland,0.0,2022-12-05 16:54:36.898338
Ecuador,0.0,2022-12-05 16:54:36.909636
Wales,0.0,2022-12-05 16:54:36.923201
Morocco,0.008920036981227383,2022-12-05 16:54:36.933428
Japan,0.014951525290003062,2022-12-05 16:54:36.943134
Ghana,0.0,2022-12-05 16:54:36.954236
Canada,0.0,2022-12-05 16:54:36.965215
Cameroon,0.0,2022-12-05 16:54:36.976229
Iran,0.0,2022-12-05 16:54:36.986958
South Korea,0.00471140320191874,2022-12-05 16:54:36.997153
Australia,0.0,2022-12-05 16:54:37.007995
Qatar,0.0,2022-12-05 16:54:37.018900
Tunisia,0.0,2022-12-05 16:54:37.029783
Saudi Arabia,0.0,2022-12-05 16:54:37.040520
Costa Rica,0.0,2022-12-05 16:54:37.051384
Brazil,0.2715429717332819,2022-12-05 17:41:16.785455
Argentina,0.14724702566734132,2022-12-05 17:41:16.793860
France,0.16514479540035007,2022-12-05 17:41:16.801933
Spain,0.10316492018462664,2022-12-05 17:41:16.810385
England,0.11848640690907389,2022-12-05 17:41:16.818778
Germany,0.0,2022-12-05 17:41:16.829068
Netherlands,0.06365858107322592,2022-12-05 17:41:16.837761
Portugal,0.06352277847298152,2022-12-05 17:41:16.846698
Belgium,0.0,2022-12-05 17:41:16.856909
Denmark,0.0,2022-12-05 17:41:16.868457
Uruguay,0.0,2022-12-05 17:41:16.877983
Croatia,0.02511290846134323,2022-12-05 17:41:16.888509
Serbia,0.0,2022-12-05 17:41:16.898696
Switzerland,0.01137270319214676,2022-12-05 17:41:16.907420
Senegal,0.0,2022-12-05 17:41:16.917731
Mexico,0.0,2022-12-05 17:41:16.928191
USA,0.0,2022-12-05 17:41:16.938165
Poland,0.0,2022-12-05 17:41:16.950104
Ecuador,0.0,2022-12-05 17:41:16.960255
Wales,0.0,2022-12-05 17:41:16.970651
Morocco,0.008803353226641707,2022-12-05 17:41:16.980026
Japan,0.017264621296539814,2022-12-05 17:41:16.989835
Ghana,0.0,2022-12-05 17:41:17.001123
Canada,0.0,2022-12-05 17:41:17.011513
Cameroon,0.0,2022-12-05 17:41:17.021840
Iran,0.0,2022-12-05 17:41:17.032166
South Korea,0.004678934382447215,2022-12-05 17:41:17.041732
Australia,0.0,2022-12-05 17:41:17.052051
Qatar,0.0,2022-12-05 17:41:17.062201
Tunisia,0.0,2022-12-05 17:41:17.072405
Saudi Arabia,0.0,2022-12-05 17:41:17.082588
Costa Rica,0.0,2022-12-05 17:41:17.092723
Brazil,0.2717425621497183,2022-12-05 17:43:40.060419
Argentina,0.1463552422491151,2022-12-05 17:43:40.068736
France,0.16500828746509089,2022-12-05 17:43:40.077010
Spain,0.10254407826845212,2022-12-05 17:43:40.085990
England,0.118722929653499,2022-12-05 17:43:40.094607
Germany,0.0,2022-12-05 17:43:40.105276
Netherlands,0.06334834388791352,2022-12-05 17:43:40.114122
Portugal,0.06320585410707448,2022-12-05 17:43:40.123055
Belgium,0.0,2022-12-05 17:43:40.133590
Denmark,0.0,2022-12-05 17:43:40.144357
Uruguay,0.0,2022-12-05 17:43:40.154936
Croatia,0.026619543049149114,2022-12-05 17:43:40.163969
Serbia,0.0,2022-12-05 17:43:40.174390
Switzerland,0.011457364372532981,2022-12-05 17:43:40.183968
Senegal,0.0,2022-12-05 17:43:40.194118
Mexico,0.0,2022-12-05 17:43:40.205380
USA,0.0,2022-12-05 17:43:40.216293
Poland,0.0,2022-12-05 17:43:40.226682
Ecuador,0.0,2022-12-05 17:43:40.237517
Wales,0.0,2022-12-05 17:43:40.248368
Morocco,0.008766643151846462,2022-12-05 17:43:40.258058
Japan,0.017494430932898805,2022-12-05 17:43:40.267713
Ghana,0.0,2022-12-05 17:43:40.278017
Canada,0.0,2022-12-05 17:43:40.288402
Cameroon,0.0,2022-12-05 17:43:40.298779
Iran,0.0,2022-12-05 17:43:40.309003
South Korea,0.004734720712709136,2022-12-05 17:43:40.318526
Australia,0.0,2022-12-05 17:43:40.329128
Qatar,0.0,2022-12-05 17:43:40.339455
Tunisia,0.0,2022-12-05 17:43:40.349727
Saudi Arabia,0.0,2022-12-05 17:43:40.360160
Costa Rica,0.0,2022-12-05 17:43:40.371198
Brazil,0.3158681544867904,2022-12-06 12:27:39.650724
Argentina,0.13631404479805867,2022-12-06 12:27:39.665217
France,0.16293053082445974,2022-12-06 12:27:39.675503
Spain,0.09999362168498496,2022-12-06 12:27:39.687554
England,0.11819460905080836,2022-12-06 12:27:39.701332
Germany,0.0,2022-12-06 12:27:39.713860
Netherlands,0.05941337353433884,2022-12-06 12:27:39.726950
Portugal,0.06104469123708067,2022-12-06 12:27:39.739611
Belgium,0.0,2022-12-06 12:27:39.752931
Denmark,0.0,2022-12-06 12:27:39.765978
Uruguay,0.0,2022-12-06 12:27:39.779505
Croatia,0.02680625642736852,2022-12-06 12:27:39.792067
Serbia,0.0,2022-12-06 12:27:39.811193
Switzerland,0.010836447917429765,2022-12-06 12:27:39.823644
Senegal,0.0,2022-12-06 12:27:39.837173
Mexico,0.0,2022-12-06 12:27:39.850261
USA,0.0,2022-12-06 12:27:39.862876
Poland,0.0,2022-12-06 12:27:39.875099
Ecuador,0.0,2022-12-06 12:27:39.887696
Wales,0.0,2022-12-06 12:27:39.900313
Morocco,0.008598270038680144,2022-12-06 12:27:39.911657
Japan,0.0,2022-12-06 12:27:39.925011
Ghana,0.0,2022-12-06 12:27:39.937298
Canada,0.0,2022-12-06 12:27:39.950186
Cameroon,0.0,2022-12-06 12:27:39.963025
Iran,0.0,2022-12-06 12:27:39.975712
South Korea,0.0,2022-12-06 12:27:39.995113
Australia,0.0,2022-12-06 12:27:40.010974
Qatar,0.0,2022-12-06 12:27:40.023851
Tunisia,0.0,2022-12-06 12:27:40.037963
Saudi Arabia,0.0,2022-12-06 12:27:40.051566
Costa Rica,0.0,2022-12-06 12:27:40.065392
Brazil,0.3162085006365586,2022-12-06 15:00:01.547714
Argentina,0.13502656196563068,2022-12-06 15:00:01.558452
France,0.16419413304521455,2022-12-06 15:00:01.568812
Spain,0.09969370009738018,2022-12-06 15:00:01.583460
England,0.11847522427486101,2022-12-06 15:00:01.597929
Germany,0.0,2022-12-06 15:00:01.642056
Netherlands,0.05931746672833694,2022-12-06 15:00:01.670355
Portugal,0.060631023981139155,2022-12-06 15:00:01.696257
Belgium,0.0,2022-12-06 15:00:01.729601
Denmark,0.0,2022-12-06 15:00:01.760845
Uruguay,0.0,2022-12-06 15:00:01.793431
Croatia,0.02668717325935751,2022-12-06 15:00:01.810600
Serbia,0.0,2022-12-06 15:00:01.861795
Switzerland,0.011107223092954683,2022-12-06 15:00:01.897460
Senegal,0.0,2022-12-06 15:00:01.946802
Mexico,0.0,2022-12-06 15:00:01.969809
USA,0.0,2022-12-06 15:00:01.984062
Poland,0.0,2022-12-06 15:00:02.003963
Ecuador,0.0,2022-12-06 15:00:02.021388
Wales,0.0,2022-12-06 15:00:02.057100
Morocco,0.008658992918566689,2022-12-06 15:00:02.090985
Japan,0.0,2022-12-06 15:00:02.118019
Ghana,0.0,2022-12-06 15:00:02.132251
Canada,0.0,2022-12-06 15:00:02.153850
Cameroon,0.0,2022-12-06 15:00:02.167841
Iran,0.0,2022-12-06 15:00:02.182977
South Korea,0.0,2022-12-06 15:00:02.196909
Australia,0.0,2022-12-06 15:00:02.210789
Qatar,0.0,2022-12-06 15:00:02.223803
Tunisia,0.0,2022-12-06 15:00:02.237583
Saudi Arabia,0.0,2022-12-06 15:00:02.251529
Costa Rica,0.0,2022-12-06 15:00:02.265298
Brazil,0.31524664910855005,2022-12-06 15:10:57.449505
Argentina,0.13571249818282252,2022-12-06 15:10:57.462493
France,0.16376455717236416,2022-12-06 15:10:57.475672
Spain,0.09990616437209439,2022-12-06 15:10:57.489462
England,0.1188446684633659,2022-12-06 15:10:57.506340
Germany,0.0,2022-12-06 15:10:57.530295
Netherlands,0.05934320458337862,2022-12-06 15:10:57.544038
Portugal,0.06055145550745264,2022-12-06 15:10:57.557468
Belgium,0.0,2022-12-06 15:10:57.572608
Denmark,0.0,2022-12-06 15:10:57.602000
Uruguay,0.0,2022-12-06 15:10:57.618885
Croatia,0.026611693275964025,2022-12-06 15:10:57.637324
Serbia,0.0,2022-12-06 15:10:57.652600
Switzerland,0.011290869592305124,2022-12-06 15:10:57.666485
Senegal,0.0,2022-12-06 15:10:57.699966
Mexico,0.0,2022-12-06 15:10:57.725774
USA,0.0,2022-12-06 15:10:57.741180
Poland,0.0,2022-12-06 15:10:57.756448
Ecuador,0.0,2022-12-06 15:10:57.771648
Wales,0.0,2022-12-06 15:10:57.786697
Morocco,0.008728239741702499,2022-12-06 15:10:57.800425
Japan,0.0,2022-12-06 15:10:57.815709
Ghana,0.0,2022-12-06 15:10:57.830815
Canada,0.0,2022-12-06 15:10:57.846261
Cameroon,0.0,2022-12-06 15:10:57.861915
Iran,0.0,2022-12-06 15:10:57.877023
South Korea,0.0,2022-12-06 15:10:57.892619
Australia,0.0,2022-12-06 15:10:57.912473
Qatar,0.0,2022-12-06 15:10:57.927755
Tunisia,0.0,2022-12-06 15:10:57.943063
Saudi Arabia,0.0,2022-12-06 15:10:57.958234
Costa Rica,0.0,2022-12-06 15:10:57.974183
Brazil,0.31448331793712,2022-12-06 15:24:46.225043
Argentina,0.13573777041101429,2022-12-06 15:24:46.248383
France,0.16468821684535334,2022-12-06 15:24:46.280161
Spain,0.09918241724974802,2022-12-06 15:24:46.294061
England,0.11922533686110974,2022-12-06 15:24:46.311132
Germany,0.0,2022-12-06 15:24:46.334705
Netherlands,0.05918384372278635,2022-12-06 15:24:46.345538
Portugal,0.060466374334333516,2022-12-06 15:24:46.356001
Belgium,0.0,2022-12-06 15:24:46.368298
Denmark,0.0,2022-12-06 15:24:46.380498
Uruguay,0.0,2022-12-06 15:24:46.392409
Croatia,0.02664763656339226,2022-12-06 15:24:46.410451
Serbia,0.0,2022-12-06 15:24:46.424082
Switzerland,0.011367209828832034,2022-12-06 15:24:46.435153
Senegal,0.0,2022-12-06 15:24:46.447295
Mexico,0.0,2022-12-06 15:24:46.459922
USA,0.0,2022-12-06 15:24:46.472179
Poland,0.0,2022-12-06 15:24:46.484322
Ecuador,0.0,2022-12-06 15:24:46.496323
Wales,0.0,2022-12-06 15:24:46.508289
Morocco,0.009017876246310614,2022-12-06 15:24:46.519422
Japan,0.0,2022-12-06 15:24:46.531322
Ghana,0.0,2022-12-06 15:24:46.543136
Canada,0.0,2022-12-06 15:24:46.555106
Cameroon,0.0,2022-12-06 15:24:46.567143
Iran,0.0,2022-12-06 15:24:46.579096
South Korea,0.0,2022-12-06 15:24:46.591382
Australia,0.0,2022-12-06 15:24:46.603217
Qatar,0.0,2022-12-06 15:24:46.615149
Tunisia,0.0,2022-12-06 15:24:46.626955
Saudi Arabia,0.0,2022-12-06 15:24:46.638770
Costa Rica,0.0,2022-12-06 15:24:46.650581
Brazil,,2022-12-06 15:28:10.477400
Argentina,,2022-12-06 15:28:10.490067
France,,2022-12-06 15:28:10.502360
Spain,,2022-12-06 15:28:10.514471
England,,2022-12-06 15:28:10.526373
Germany,,2022-12-06 15:28:10.538308
Netherlands,,2022-12-06 15:28:10.551299
Portugal,,2022-12-06 15:28:10.563493
Belgium,,2022-12-06 15:28:10.585520
Denmark,,2022-12-06 15:28:10.597492
Uruguay,,2022-12-06 15:28:10.609260
Croatia,,2022-12-06 15:28:10.621171
Serbia,,2022-12-06 15:28:10.633574
Switzerland,,2022-12-06 15:28:10.645467
Senegal,,2022-12-06 15:28:10.657231
Mexico,,2022-12-06 15:28:10.668973
USA,,2022-12-06 15:28:10.680652
Poland,,2022-12-06 15:28:10.692383
Ecuador,,2022-12-06 15:28:10.704105
Wales,,2022-12-06 15:28:10.715653
Morocco,,2022-12-06 15:28:10.727707
Japan,,2022-12-06 15:28:10.739709
Ghana,,2022-12-06 15:28:10.751529
Canada,,2022-12-06 15:28:10.763283
Cameroon,,2022-12-06 15:28:10.775158
Iran,,2022-12-06 15:28:10.786903
South Korea,,2022-12-06 15:28:10.798636
Australia,,2022-12-06 15:28:10.810464
Qatar,,2022-12-06 15:28:10.822142
Tunisia,,2022-12-06 15:28:10.834032
Saudi Arabia,,2022-12-06 15:28:10.845904
Costa Rica,,2022-12-06 15:28:10.857728
Brazil,0.3144950759635278,2022-12-06 15:30:18.213506
Argentina,0.13569988452902398,2022-12-06 15:30:18.226239
France,0.16464225058018114,2022-12-06 15:30:18.238168
Spain,0.09891501523964163,2022-12-06 15:30:18.251175
England,0.11913275247322995,2022-12-06 15:30:18.263227
Germany,0.0,2022-12-06 15:30:18.314398
Netherlands,0.05916732487094265,2022-12-06 15:30:18.338482
Portugal,0.06080297293352334,2022-12-06 15:30:18.353031
Belgium,0.0,2022-12-06 15:30:18.368813
Denmark,0.0,2022-12-06 15:30:18.392755
Uruguay,0.0,2022-12-06 15:30:18.408467
Croatia,0.026640198919388645,2022-12-06 15:30:18.430689
Serbia,0.0,2022-12-06 15:30:18.445809
Switzerland,0.011364037117442787,2022-12-06 15:30:18.461977
Senegal,0.0,2022-12-06 15:30:18.477520
Mexico,0.0,2022-12-06 15:30:18.492526
USA,0.0,2022-12-06 15:30:18.508704
Poland,0.0,2022-12-06 15:30:18.523586
Ecuador,0.0,2022-12-06 15:30:18.539646
Wales,0.0,2022-12-06 15:30:18.554373
Morocco,0.009140487373098105,2022-12-06 15:30:18.568460
Japan,0.0,2022-12-06 15:30:18.583619
Ghana,0.0,2022-12-06 15:30:18.598555
Canada,0.0,2022-12-06 15:30:18.613713
Cameroon,0.0,2022-12-06 15:30:18.628548
Iran,0.0,2022-12-06 15:30:18.643311
South Korea,0.0,2022-12-06 15:30:18.662205
Australia,0.0,2022-12-06 15:30:18.691632
Qatar,0.0,2022-12-06 15:30:18.708050
Tunisia,0.0,2022-12-06 15:30:18.734375
Saudi Arabia,0.0,2022-12-06 15:30:18.749100
Costa Rica,0.0,2022-12-06 15:30:18.764047
Brazil,0.31430456138679674,2022-12-06 15:32:13.089041
Argentina,0.13570357730392302,2022-12-06 15:32:13.099631
France,0.16464673095812968,2022-12-06 15:32:13.110472
Spain,0.09881031474788138,2022-12-06 15:32:13.121421
England,0.1191659272946215,2022-12-06 15:32:13.132287
Germany,0.0,2022-12-06 15:32:13.145217
Netherlands,0.058847420583416306,2022-12-06 15:32:13.156593
Portugal,0.061126141949725765,2022-12-06 15:32:13.168074
Belgium,0.0,2022-12-06 15:32:13.181109
Denmark,0.0,2022-12-06 15:32:13.194211
Uruguay,0.0,2022-12-06 15:32:13.207376
Croatia,0.026640923874006083,2022-12-06 15:32:13.218956
Serbia,0.0,2022-12-06 15:32:13.239908
Switzerland,0.01136434636480261,2022-12-06 15:32:13.259619
Senegal,0.0,2022-12-06 15:32:13.288861
Mexico,0.0,2022-12-06 15:32:13.317404
USA,0.0,2022-12-06 15:32:13.342896
Poland,0.0,2022-12-06 15:32:13.374615
Ecuador,0.0,2022-12-06 15:32:13.402025
Wales,0.0,2022-12-06 15:32:13.416042
Morocco,0.009390055536697053,2022-12-06 15:32:13.427696
Japan,0.0,2022-12-06 15:32:13.440284
Ghana,0.0,2022-12-06 15:32:13.453086
Canada,0.0,2022-12-06 15:32:13.465583
Cameroon,0.0,2022-12-06 15:32:13.477774
Iran,0.0,2022-12-06 15:32:13.502183
South Korea,0.0,2022-12-06 15:32:13.541791
Australia,0.0,2022-12-06 15:32:13.560005
Qatar,0.0,2022-12-06 15:32:13.580048
Tunisia,0.0,2022-12-06 15:32:13.592824
Saudi Arabia,0.0,2022-12-06 15:32:13.605265
Costa Rica,0.0,2022-12-06 15:32:13.617379
Brazil,0.3157547784123608,2022-12-06 15:39:35.196467
Argentina,0.13539297941639344,2022-12-06 15:39:35.216404
France,0.16402031732413047,2022-12-06 15:39:35.229266
Spain,0.09813158666515925,2022-12-06 15:39:35.246770
England,0.1196573190642096,2022-12-06 15:39:35.261094
Germany,0.0,2022-12-06 15:39:35.279055
Netherlands,0.058940997312133675,2022-12-06 15:39:35.294861
Portugal,0.06102782663017851,2022-12-06 15:39:35.307164
Belgium,0.0,2022-12-06 15:39:35.322041
Denmark,0.0,2022-12-06 15:39:35.352747
Uruguay,0.0,2022-12-06 15:39:35.369695
Croatia,0.026163890948308885,2022-12-06 15:39:35.382832
Serbia,0.0,2022-12-06 15:39:35.398467
Switzerland,0.011382417477287854,2022-12-06 15:39:35.412902
Senegal,0.0,2022-12-06 15:39:35.427293
Mexico,0.0,2022-12-06 15:39:35.441962
USA,0.0,2022-12-06 15:39:35.458009
Poland,0.0,2022-12-06 15:39:35.477118
Ecuador,0.0,2022-12-06 15:39:35.494216
Wales,0.0,2022-12-06 15:39:35.510859
Morocco,0.009527886749837719,2022-12-06 15:39:35.526438
Japan,0.0,2022-12-06 15:39:35.543293
Ghana,0.0,2022-12-06 15:39:35.559393
Canada,0.0,2022-12-06 15:39:35.573861
Cameroon,0.0,2022-12-06 15:39:35.590102
Iran,0.0,2022-12-06 15:39:35.605551
South Korea,0.0,2022-12-06 15:39:35.620514
Australia,0.0,2022-12-06 15:39:35.637378
Qatar,0.0,2022-12-06 15:39:35.652770
Tunisia,0.0,2022-12-06 15:39:35.667736
Saudi Arabia,0.0,2022-12-06 15:39:35.682647
Costa Rica,0.0,2022-12-06 15:39:35.698068
Brazil,0.3169917277323465,2022-12-06 15:41:26.410324
Argentina,0.13498860648636155,2022-12-06 15:41:26.423796
France,0.16354605032182526,2022-12-06 15:41:26.436217
Spain,0.09771144572633852,2022-12-06 15:41:26.449956
England,0.11976557424333333,2022-12-06 15:41:26.482760
Germany,0.0,2022-12-06 15:41:26.512570
Netherlands,0.05931663882005217,2022-12-06 15:41:26.540330
Portugal,0.06108303911826573,2022-12-06 15:41:26.557696
Belgium,0.0,2022-12-06 15:41:26.586112
Denmark,0.0,2022-12-06 15:41:26.602025
Uruguay,0.0,2022-12-06 15:41:26.618648
Croatia,0.025667695561966703,2022-12-06 15:41:26.634899
Serbia,0.0,2022-12-06 15:41:26.650625
Switzerland,0.011392715264773829,2022-12-06 15:41:26.664705
Senegal,0.0,2022-12-06 15:41:26.683206
Mexico,0.0,2022-12-06 15:41:26.700463
USA,0.0,2022-12-06 15:41:26.718683
Poland,0.0,2022-12-06 15:41:26.739503
Ecuador,0.0,2022-12-06 15:41:26.764037
Wales,0.0,2022-12-06 15:41:26.779182
Morocco,0.009536506724736377,2022-12-06 15:41:26.793122
Japan,0.0,2022-12-06 15:41:26.816117
Ghana,0.0,2022-12-06 15:41:26.846793
Canada,0.0,2022-12-06 15:41:26.862272
Cameroon,0.0,2022-12-06 15:41:26.877090
Iran,0.0,2022-12-06 15:41:26.898032
South Korea,0.0,2022-12-06 15:41:26.919733
Australia,0.0,2022-12-06 15:41:26.935006
Qatar,0.0,2022-12-06 15:41:26.950132
Tunisia,0.0,2022-12-06 15:41:26.964786
Saudi Arabia,0.0,2022-12-06 15:41:26.979705
Costa Rica,0.0,2022-12-06 15:41:26.994510
Brazil,0.31735972535929374,2022-12-06 15:43:38.004339
Argentina,0.1349504374141769,2022-12-06 15:43:38.014629
France,0.1637661048895838,2022-12-06 15:43:38.026556
Spain,0.09718877417361622,2022-12-06 15:43:38.037467
England,0.11973170960121635,2022-12-06 15:43:38.048390
Germany,0.0,2022-12-06 15:43:38.080605
Netherlands,0.05929986658180329,2022-12-06 15:43:38.102949
Portugal,0.06106576741667513,2022-12-06 15:43:38.125603
Belgium,0.0,2022-12-06 15:43:38.138778
Denmark,0.0,2022-12-06 15:43:38.154525
Uruguay,0.0,2022-12-06 15:43:38.171115
Croatia,0.02566043782258988,2022-12-06 15:43:38.182085
Serbia,0.0,2022-12-06 15:43:38.194492
Switzerland,0.01138949388644688,2022-12-06 15:43:38.205861
Senegal,0.0,2022-12-06 15:43:38.218030
Mexico,0.0,2022-12-06 15:43:38.230328
USA,0.0,2022-12-06 15:43:38.247828
Poland,0.0,2022-12-06 15:43:38.262938
Ecuador,0.0,2022-12-06 15:43:38.277134
Wales,0.0,2022-12-06 15:43:38.296207
Morocco,0.009587682854598078,2022-12-06 15:43:38.308727
Japan,0.0,2022-12-06 15:43:38.321600
Ghana,0.0,2022-12-06 15:43:38.334099
Canada,0.0,2022-12-06 15:43:38.346811
Cameroon,0.0,2022-12-06 15:43:38.359082
Iran,0.0,2022-12-06 15:43:38.371151
South Korea,0.0,2022-12-06 15:43:38.383119
Australia,0.0,2022-12-06 15:43:38.394915
Qatar,0.0,2022-12-06 15:43:38.407058
Tunisia,0.0,2022-12-06 15:43:38.418993
Saudi Arabia,0.0,2022-12-06 15:43:38.431015
Costa Rica,0.0,2022-12-06 15:43:38.443043
Brazil,0.3175078167850511,2022-12-06 15:51:38.243454
Argentina,0.13479850448999617,2022-12-06 15:51:38.255200
France,0.16420351101932953,2022-12-06 15:51:38.265701
Spain,0.09648349601579106,2022-12-06 15:51:38.276778
England,0.11929516392656385,2022-12-06 15:51:38.287324
Germany,0.0,2022-12-06 15:51:38.300068
Netherlands,0.05923310427776089,2022-12-06 15:51:38.311681
Portugal,0.06135584541501056,2022-12-06 15:51:38.323220
Belgium,0.0,2022-12-06 15:51:38.335474
Denmark,0.0,2022-12-06 15:51:38.348390
Uruguay,0.0,2022-12-06 15:51:38.361145
Croatia,0.025966822257605444,2022-12-06 15:51:38.373480
Serbia,0.0,2022-12-06 15:51:38.386794
Switzerland,0.011376671111328372,2022-12-06 15:51:38.400982
Senegal,0.0,2022-12-06 15:51:38.431882
Mexico,0.0,2022-12-06 15:51:38.444402
USA,0.0,2022-12-06 15:51:38.456865
Poland,0.0,2022-12-06 15:51:38.469166
Ecuador,0.0,2022-12-06 15:51:38.481407
Wales,0.0,2022-12-06 15:51:38.496828
Morocco,0.0097790647015634,2022-12-06 15:51:38.510553
Japan,0.0,2022-12-06 15:51:38.537954
Ghana,0.0,2022-12-06 15:51:38.553118
Canada,0.0,2022-12-06 15:51:38.565965
Cameroon,0.0,2022-12-06 15:51:38.578680
Iran,0.0,2022-12-06 15:51:38.592634
South Korea,0.0,2022-12-06 15:51:38.606809
Australia,0.0,2022-12-06 15:51:38.619280
Qatar,0.0,2022-12-06 15:51:38.632526
Tunisia,0.0,2022-12-06 15:51:38.646213
Saudi Arabia,0.0,2022-12-06 15:51:38.658766
Costa Rica,0.0,2022-12-06 15:51:38.671346
Brazil,0.318494421579862,2022-12-06 15:57:47.262850
Argentina,0.1348221596528441,2022-12-06 15:57:47.274123
France,0.16539615153209222,2022-12-06 15:57:47.284675
Spain,0.09421103572684589,2022-12-06 15:57:47.296190
England,0.11961789807186907,2022-12-06 15:57:47.307267
Germany,0.0,2022-12-06 15:57:47.320188
Netherlands,0.058921579255455186,2022-12-06 15:57:47.331163
Portugal,0.06159336933476676,2022-12-06 15:57:47.345742
Belgium,0.0,2022-12-06 15:57:47.363189
Denmark,0.0,2022-12-06 15:57:47.376244
Uruguay,0.0,2022-12-06 15:57:47.390594
Croatia,0.025503856981840115,2022-12-06 15:57:47.406051
Serbia,0.0,2022-12-06 15:57:47.423006
Switzerland,0.011378667550449296,2022-12-06 15:57:47.435861
Senegal,0.0,2022-12-06 15:57:47.449347
Mexico,0.0,2022-12-06 15:57:47.463319
USA,0.0,2022-12-06 15:57:47.491463
Poland,0.0,2022-12-06 15:57:47.522857
Ecuador,0.0,2022-12-06 15:57:47.537051
Wales,0.0,2022-12-06 15:57:47.561306
Morocco,0.010060860313975404,2022-12-06 15:57:47.573195
Japan,0.0,2022-12-06 15:57:47.585661
Ghana,0.0,2022-12-06 15:57:47.598234
Canada,0.0,2022-12-06 15:57:47.610509
Cameroon,0.0,2022-12-06 15:57:47.622762
Iran,0.0,2022-12-06 15:57:47.649375
South Korea,0.0,2022-12-06 15:57:47.661620
Australia,0.0,2022-12-06 15:57:47.682178
Qatar,0.0,2022-12-06 15:57:47.698982
Tunisia,0.0,2022-12-06 15:57:47.718684
Saudi Arabia,0.0,2022-12-06 15:57:47.730836
Costa Rica,0.0,2022-12-06 15:57:47.742926
Brazil,0.3225293988271683,2022-12-06 16:17:36.654115
Argentina,0.13484270889968422,2022-12-06 16:17:36.666494
France,0.1645382232610984,2022-12-06 16:17:36.681017
Spain,0.08938105071140773,2022-12-06 16:17:36.693840
England,0.11964652848230885,2022-12-06 16:17:36.705298
Germany,0.0,2022-12-06 16:17:36.721056
Netherlands,0.0589356820697082,2022-12-06 16:17:36.732818
Portugal,0.06279669049193642,2022-12-06 16:17:36.753291
Belgium,0.0,2022-12-06 16:17:36.783177
Denmark,0.0,2022-12-06 16:17:36.802779
Uruguay,0.0,2022-12-06 16:17:36.826593
Croatia,0.02503787568710731,2022-12-06 16:17:36.841095
Serbia,0.0,2022-12-06 16:17:36.854141
Switzerland,0.01132007894227173,2022-12-06 16:17:36.867637
Senegal,0.0,2022-12-06 16:17:36.880372
Mexico,0.0,2022-12-06 16:17:36.892687
USA,0.0,2022-12-06 16:17:36.905613
Poland,0.0,2022-12-06 16:17:36.919330
Ecuador,0.0,2022-12-06 16:17:36.931644
Wales,0.0,2022-12-06 16:17:36.950651
Morocco,0.010971762627308696,2022-12-06 16:17:36.962563
Japan,0.0,2022-12-06 16:17:36.974776
Ghana,0.0,2022-12-06 16:17:36.987428
Canada,0.0,2022-12-06 16:17:36.999802
Cameroon,0.0,2022-12-06 16:17:37.012060
Iran,0.0,2022-12-06 16:17:37.024048
South Korea,0.0,2022-12-06 16:17:37.036181
Australia,0.0,2022-12-06 16:17:37.048218
Qatar,0.0,2022-12-06 16:17:37.060188
Tunisia,0.0,2022-12-06 16:17:37.072134
Saudi Arabia,0.0,2022-12-06 16:17:37.084523
Costa Rica,0.0,2022-12-06 16:17:37.097589
Brazil,0.32369104298005913,2022-12-06 16:21:53.245662
Argentina,0.13418817575292108,2022-12-06 16:21:53.260234
France,0.1649842198113794,2022-12-06 16:21:53.273906
Spain,0.08841173683422404,2022-12-06 16:21:53.287146
England,0.11967353068813216,2022-12-06 16:21:53.301274
Germany,0.0,2022-12-06 16:21:53.318020
Netherlands,0.05867887562402165,2022-12-06 16:21:53.332270
Portugal,0.06261532058135626,2022-12-06 16:21:53.345326
Belgium,0.0,2022-12-06 16:21:53.360493
Denmark,0.0,2022-12-06 16:21:53.376336
Uruguay,0.0,2022-12-06 16:21:53.391709
Croatia,0.025379015152060796,2022-12-06 16:21:53.405407
Serbia,0.0,2022-12-06 16:21:53.425831
Switzerland,0.011512623486110745,2022-12-06 16:21:53.442307
Senegal,0.0,2022-12-06 16:21:53.458352
Mexico,0.0,2022-12-06 16:21:53.474584
USA,0.0,2022-12-06 16:21:53.491854
Poland,0.0,2022-12-06 16:21:53.507174
Ecuador,0.0,2022-12-06 16:21:53.523347
Wales,0.0,2022-12-06 16:21:53.538685
Morocco,0.01086545908973462,2022-12-06 16:21:53.552779
Japan,0.0,2022-12-06 16:21:53.568306
Ghana,0.0,2022-12-06 16:21:53.588073
Canada,0.0,2022-12-06 16:21:53.603401
Cameroon,0.0,2022-12-06 16:21:53.620009
Iran,0.0,2022-12-06 16:21:53.636185
South Korea,0.0,2022-12-06 16:21:53.651594
Australia,0.0,2022-12-06 16:21:53.667338
Qatar,0.0,2022-12-06 16:21:53.682725
Tunisia,0.0,2022-12-06 16:21:53.698692
Saudi Arabia,0.0,2022-12-06 16:21:53.716178
Costa Rica,0.0,2022-12-06 16:21:53.745800
Brazil,0.32673993896152165,2022-12-06 16:38:23.186835
Argentina,0.1331214078588982,2022-12-06 16:38:23.198281
France,0.1655724754027321,2022-12-06 16:38:23.207125
Spain,0.08640544143832536,2022-12-06 16:38:23.215837
England,0.11931741373296433,2022-12-06 16:38:23.231289
Germany,0.0,2022-12-06 16:38:23.242096
Netherlands,0.05772805442896427,2022-12-06 16:38:23.268122
Portugal,0.0630473121422596,2022-12-06 16:38:23.282251
Belgium,0.0,2022-12-06 16:38:23.304254
Denmark,0.0,2022-12-06 16:38:23.314871
Uruguay,0.0,2022-12-06 16:38:23.325280
Croatia,0.024705265979619428,2022-12-06 16:38:23.334033
Serbia,0.0,2022-12-06 16:38:23.347213
Switzerland,0.01182799549318177,2022-12-06 16:38:23.356286
Senegal,0.0,2022-12-06 16:38:23.366159
Mexico,0.0,2022-12-06 16:38:23.376050
USA,0.0,2022-12-06 16:38:23.399355
Poland,0.0,2022-12-06 16:38:23.413959
Ecuador,0.0,2022-12-06 16:38:23.424132
Wales,0.0,2022-12-06 16:38:23.434236
Morocco,0.011534694561533023,2022-12-06 16:38:23.443444
Japan,0.0,2022-12-06 16:38:23.453913
Ghana,0.0,2022-12-06 16:38:23.463981
Canada,0.0,2022-12-06 16:38:23.474704
Cameroon,0.0,2022-12-06 16:38:23.485461
Iran,0.0,2022-12-06 16:38:23.496516
South Korea,0.0,2022-12-06 16:38:23.507358
Australia,0.0,2022-12-06 16:38:23.519943
Qatar,0.0,2022-12-06 16:38:23.530311
Tunisia,0.0,2022-12-06 16:38:23.543663
Saudi Arabia,0.0,2022-12-06 16:38:23.564052
Costa Rica,0.0,2022-12-06 16:38:23.574401
Brazil,0.32711014508697966,2022-12-06 16:42:25.674254
Argentina,0.13257532491703342,2022-12-06 16:42:25.689694
France,0.16538802635168393,2022-12-06 16:42:25.700655
Spain,0.0870644141418457,2022-12-06 16:42:25.712400
England,0.11919492404437698,2022-12-06 16:42:25.723671
Germany,0.0,2022-12-06 16:42:25.736818
Netherlands,0.05689070402487755,2022-12-06 16:42:25.747368
Portugal,0.06287670353455005,2022-12-06 16:42:25.757566
Belgium,0.0,2022-12-06 16:42:25.790639
Denmark,0.0,2022-12-06 16:42:25.807507
Uruguay,0.0,2022-12-06 16:42:25.821537
Croatia,0.025031123949435283,2022-12-06 16:42:25.840851
Serbia,0.0,2022-12-06 16:42:25.857380
Switzerland,0.012078593932337112,2022-12-06 16:42:25.869657
Senegal,0.0,2022-12-06 16:42:25.883163
Mexico,0.0,2022-12-06 16:42:25.897053
USA,0.0,2022-12-06 16:42:25.913256
Poland,0.0,2022-12-06 16:42:25.927698
Ecuador,0.0,2022-12-06 16:42:25.941488
Wales,0.0,2022-12-06 16:42:25.955709
Morocco,0.01179004001688051,2022-12-06 16:42:25.968938
Japan,0.0,2022-12-06 16:42:25.993862
Ghana,0.0,2022-12-06 16:42:26.023853
Canada,0.0,2022-12-06 16:42:26.053697
Cameroon,0.0,2022-12-06 16:42:26.087976
Iran,0.0,2022-12-06 16:42:26.119337
South Korea,0.0,2022-12-06 16:42:26.141648
Australia,0.0,2022-12-06 16:42:26.163280
Qatar,0.0,2022-12-06 16:42:26.187509
Tunisia,0.0,2022-12-06 16:42:26.201830
Saudi Arabia,0.0,2022-12-06 16:42:26.220778
Costa Rica,0.0,2022-12-06 16:42:26.234685
Brazil,0.32723965757869705,2022-12-06 16:43:56.724016
Argentina,0.1326278153730102,2022-12-06 16:43:56.731918
France,0.16545350831766617,2022-12-06 16:43:56.740202
Spain,0.08611919685798292,2022-12-06 16:43:56.748228
England,0.11924211680756366,2022-12-06 16:43:56.756107
Germany,0.0,2022-12-06 16:43:56.767987
Netherlands,0.056913228721663885,2022-12-06 16:43:56.776387
Portugal,0.06329273455355171,2022-12-06 16:43:56.785226
Belgium,0.0,2022-12-06 16:43:56.795024
Denmark,0.0,2022-12-06 16:43:56.806515
Uruguay,0.0,2022-12-06 16:43:56.816598
Croatia,0.025179274162381443,2022-12-06 16:43:56.825699
Serbia,0.0,2022-12-06 16:43:56.836319
Switzerland,0.012083376201612813,2022-12-06 16:43:56.845014
Senegal,0.0,2022-12-06 16:43:56.854806
Mexico,0.0,2022-12-06 16:43:56.864536
USA,0.0,2022-12-06 16:43:56.874322
Poland,0.0,2022-12-06 16:43:56.884336
Ecuador,0.0,2022-12-06 16:43:56.894241
Wales,0.0,2022-12-06 16:43:56.904223
Morocco,0.011849091425870014,2022-12-06 16:43:56.913353
Japan,0.0,2022-12-06 16:43:56.935337
Ghana,0.0,2022-12-06 16:43:56.958050
Canada,0.0,2022-12-06 16:43:56.969833
Cameroon,0.0,2022-12-06 16:43:56.980203
Iran,0.0,2022-12-06 16:43:56.990488
South Korea,0.0,2022-12-06 16:43:57.000692
Australia,0.0,2022-12-06 16:43:57.023584
Qatar,0.0,2022-12-06 16:43:57.033589
Tunisia,0.0,2022-12-06 16:43:57.043244
Saudi Arabia,0.0,2022-12-06 16:43:57.053043
Costa Rica,0.0,2022-12-06 16:43:57.062602
Brazil,0.3284464208213227,2022-12-06 16:49:03.349942
Argentina,0.13255026984093102,2022-12-06 16:49:03.364285
France,0.16552185755588744,2022-12-06 16:49:03.377121
Spain,0.08441136366645888,2022-12-06 16:49:03.393479
England,0.11996935126827898,2022-12-06 16:49:03.407570
Germany,0.0,2022-12-06 16:49:03.420139
Netherlands,0.05719349254867336,2022-12-06 16:49:03.431260
Portugal,0.06395266607616434,2022-12-06 16:49:03.456514
Belgium,0.0,2022-12-06 16:49:03.477865
Denmark,0.0,2022-12-06 16:49:03.490813
Uruguay,0.0,2022-12-06 16:49:03.503467
Croatia,0.02441622006890739,2022-12-06 16:49:03.515737
Serbia,0.0,2022-12-06 16:49:03.529012
Switzerland,0.011729848460042824,2022-12-06 16:49:03.540273
Senegal,0.0,2022-12-06 16:49:03.553467
Mexico,0.0,2022-12-06 16:49:03.582616
USA,0.0,2022-12-06 16:49:03.612377
Poland,0.0,2022-12-06 16:49:03.640641
Ecuador,0.0,2022-12-06 16:49:03.665085
Wales,0.0,2022-12-06 16:49:03.679700
Morocco,0.01180850969333312,2022-12-06 16:49:03.708186
Japan,0.0,2022-12-06 16:49:03.721846
Ghana,0.0,2022-12-06 16:49:03.734699
Canada,0.0,2022-12-06 16:49:03.748227
Cameroon,0.0,2022-12-06 16:49:03.763438
Iran,0.0,2022-12-06 16:49:03.777988
South Korea,0.0,2022-12-06 16:49:03.790780
Australia,0.0,2022-12-06 16:49:03.804152
Qatar,0.0,2022-12-06 16:49:03.817535
Tunisia,0.0,2022-12-06 16:49:03.829898
Saudi Arabia,0.0,2022-12-06 16:49:03.842293
Costa Rica,0.0,2022-12-06 16:49:03.854363
Brazil,0.3288513300136307,2022-12-06 16:50:19.100939
Argentina,0.13338811126870778,2022-12-06 16:50:19.109079
France,0.1648843306172904,2022-12-06 16:50:19.116577
Spain,0.08353455881440656,2022-12-06 16:50:19.124721
England,0.12051044332021421,2022-12-06 16:50:19.132966
Germany,0.0,2022-12-06 16:50:19.142767
Netherlands,0.05749006290688058,2022-12-06 16:50:19.151408
Portugal,0.06372398196309136,2022-12-06 16:50:19.160802
Belgium,0.0,2022-12-06 16:50:19.171350
Denmark,0.0,2022-12-06 16:50:19.181739
Uruguay,0.0,2022-12-06 16:50:19.191576
Croatia,0.024071842559739643,2022-12-06 16:50:19.200331
Serbia,0.0,2022-12-06 16:50:19.209997
Switzerland,0.011776522334801417,2022-12-06 16:50:19.220431
Senegal,0.0,2022-12-06 16:50:19.230111
Mexico,0.0,2022-12-06 16:50:19.240652
USA,0.0,2022-12-06 16:50:19.250597
Poland,0.0,2022-12-06 16:50:19.260574
Ecuador,0.0,2022-12-06 16:50:19.270258
Wales,0.0,2022-12-06 16:50:19.279778
Morocco,0.011768816201237185,2022-12-06 16:50:19.289317
Japan,0.0,2022-12-06 16:50:19.301430
Ghana,0.0,2022-12-06 16:50:19.311057
Canada,0.0,2022-12-06 16:50:19.322262
Cameroon,0.0,2022-12-06 16:50:19.332504
Iran,0.0,2022-12-06 16:50:19.342636
South Korea,0.0,2022-12-06 16:50:19.353211
Australia,0.0,2022-12-06 16:50:19.364824
Qatar,0.0,2022-12-06 16:50:19.374842
Tunisia,0.0,2022-12-06 16:50:19.385693
Saudi Arabia,0.0,2022-12-06 16:50:19.400971
Costa Rica,0.0,2022-12-06 16:50:19.410686
Brazil,0.329428669885144,2022-12-06 16:53:01.384897
Argentina,0.1326003298159692,2022-12-06 16:53:01.419821
France,0.16520084515051256,2022-12-06 16:53:01.429811
Spain,0.08517878815869562,2022-12-06 16:53:01.440140
England,0.12071798354504173,2022-12-06 16:53:01.450636
Germany,0.0,2022-12-06 16:53:01.462188
Netherlands,0.057425966210330824,2022-12-06 16:53:01.513556
Portugal,0.06323251961528635,2022-12-06 16:53:01.535648
Belgium,0.0,2022-12-06 16:53:01.557879
Denmark,0.0,2022-12-06 16:53:01.570225
Uruguay,0.0,2022-12-06 16:53:01.583022
Croatia,0.02299448199512358,2022-12-06 16:53:01.594315
Serbia,0.0,2022-12-06 16:53:01.607265
Switzerland,0.011782491246399329,2022-12-06 16:53:01.623166
Senegal,0.0,2022-12-06 16:53:01.663103
Mexico,0.0,2022-12-06 16:53:01.675603
USA,0.0,2022-12-06 16:53:01.688611
Poland,0.0,2022-12-06 16:53:01.701057
Ecuador,0.0,2022-12-06 16:53:01.723848
Wales,0.0,2022-12-06 16:53:01.736430
Morocco,0.011437924377496763,2022-12-06 16:53:01.752879
Japan,0.0,2022-12-06 16:53:01.765211
Ghana,0.0,2022-12-06 16:53:01.777029
Canada,0.0,2022-12-06 16:53:01.799453
Cameroon,0.0,2022-12-06 16:53:01.824689
Iran,0.0,2022-12-06 16:53:01.838844
South Korea,0.0,2022-12-06 16:53:01.851223
Australia,0.0,2022-12-06 16:53:01.874537
Qatar,0.0,2022-12-06 16:53:01.887254
Tunisia,0.0,2022-12-06 16:53:01.904236
Saudi Arabia,0.0,2022-12-06 16:53:01.920699
Costa Rica,0.0,2022-12-06 16:53:01.933271
Brazil,0.32987369420291157,2022-12-06 16:54:12.179564
Argentina,0.13213217717282827,2022-12-06 16:54:12.187832
France,0.16605837085905698,2022-12-06 16:54:12.195861
Spain,0.08396727122126843,2022-12-06 16:54:12.206988
England,0.12075416384307718,2022-12-06 16:54:12.219373
Germany,0.0,2022-12-06 16:54:12.240753
Netherlands,0.057443177304415144,2022-12-06 16:54:12.254435
Portugal,0.06339769754490372,2022-12-06 16:54:12.267431
Belgium,0.0,2022-12-06 16:54:12.278371
Denmark,0.0,2022-12-06 16:54:12.289328
Uruguay,0.0,2022-12-06 16:54:12.302832
Croatia,0.023001373654405178,2022-12-06 16:54:12.313858
Serbia,0.0,2022-12-06 16:54:12.324508
Switzerland,0.011858372167959458,2022-12-06 16:54:12.341495
Senegal,0.0,2022-12-06 16:54:12.351524
Mexico,0.0,2022-12-06 16:54:12.361676
USA,0.0,2022-12-06 16:54:12.373555
Poland,0.0,2022-12-06 16:54:12.387989
Ecuador,0.0,2022-12-06 16:54:12.398691
Wales,0.0,2022-12-06 16:54:12.409169
Morocco,0.011513702029174115,2022-12-06 16:54:12.425968
Japan,0.0,2022-12-06 16:54:12.445860
Ghana,0.0,2022-12-06 16:54:12.458027
Canada,0.0,2022-12-06 16:54:12.468425
Cameroon,0.0,2022-12-06 16:54:12.478720
Iran,0.0,2022-12-06 16:54:12.489122
South Korea,0.0,2022-12-06 16:54:12.499606
Australia,0.0,2022-12-06 16:54:12.510040
Qatar,0.0,2022-12-06 16:54:12.519893
Tunisia,0.0,2022-12-06 16:54:12.529864
Saudi Arabia,0.0,2022-12-06 16:54:12.539629
Costa Rica,0.0,2022-12-06 16:54:12.549794
Brazil,0.32951510158405223,2022-12-06 16:57:46.867551
Argentina,0.1313685521089518,2022-12-06 16:57:46.930829
France,0.16673043722914493,2022-12-06 16:57:46.950920
Spain,0.08370293958772908,2022-12-06 16:57:46.969345
England,0.12021468664751553,2022-12-06 16:57:46.982722
Germany,0.0,2022-12-06 16:57:46.996812
Netherlands,0.05715437553813164,2022-12-06 16:57:47.007899
Portugal,0.06436561485362062,2022-12-06 16:57:47.019516
Belgium,0.0,2022-12-06 16:57:47.032524
Denmark,0.0,2022-12-06 16:57:47.052880
Uruguay,0.0,2022-12-06 16:57:47.072861
Croatia,0.023435587360254844,2022-12-06 16:57:47.115823
Serbia,0.0,2022-12-06 16:57:47.155737
Switzerland,0.011864290738539136,2022-12-06 16:57:47.188477
Senegal,0.0,2022-12-06 16:57:47.243538
Mexico,0.0,2022-12-06 16:57:47.269832
USA,0.0,2022-12-06 16:57:47.309612
Poland,0.0,2022-12-06 16:57:47.356602
Ecuador,0.0,2022-12-06 16:57:47.379364
Wales,0.0,2022-12-06 16:57:47.393235
Morocco,0.011648414352060333,2022-12-06 16:57:47.404250
Japan,0.0,2022-12-06 16:57:47.416587
Ghana,0.0,2022-12-06 16:57:47.428916
Canada,0.0,2022-12-06 16:57:47.442201
Cameroon,0.0,2022-12-06 16:57:47.454163
Iran,0.0,2022-12-06 16:57:47.465922
South Korea,0.0,2022-12-06 16:57:47.477309
Australia,0.0,2022-12-06 16:57:47.494056
Qatar,0.0,2022-12-06 16:57:47.507429
Tunisia,0.0,2022-12-06 16:57:47.525682
Saudi Arabia,0.0,2022-12-06 16:57:47.543179
Costa Rica,0.0,2022-12-06 16:57:47.561552
Brazil,0.3265580881363556,2022-12-06 17:12:14.785174
Argentina,0.13085549366477447,2022-12-06 17:12:14.809901
France,0.16723765691601336,2022-12-06 17:12:14.828259
Spain,0.0854774404257696,2022-12-06 17:12:14.844226
England,0.12057404963530557,2022-12-06 17:12:14.860065
Germany,0.0,2022-12-06 17:12:14.880348
Netherlands,0.057327394073821376,2022-12-06 17:12:14.902122
Portugal,0.0637825644375284,2022-12-06 17:12:14.922586
Belgium,0.0,2022-12-06 17:12:14.935968
Denmark,0.0,2022-12-06 17:12:14.950358
Uruguay,0.0,2022-12-06 17:12:14.965299
Croatia,0.02406043567799982,2022-12-06 17:12:14.980023
Serbia,0.0,2022-12-06 17:12:14.997682
Switzerland,0.011987496306768037,2022-12-06 17:12:15.014139
Senegal,0.0,2022-12-06 17:12:15.028487
Mexico,0.0,2022-12-06 17:12:15.043798
USA,0.0,2022-12-06 17:12:15.058505
Poland,0.0,2022-12-06 17:12:15.073377
Ecuador,0.0,2022-12-06 17:12:15.087127
Wales,0.0,2022-12-06 17:12:15.102355
Morocco,0.012139380725663826,2022-12-06 17:12:15.122827
Japan,0.0,2022-12-06 17:12:15.160017
Ghana,0.0,2022-12-06 17:12:15.174842
Canada,0.0,2022-12-06 17:12:15.190787
Cameroon,0.0,2022-12-06 17:12:15.204760
Iran,0.0,2022-12-06 17:12:15.218364
South Korea,0.0,2022-12-06 17:12:15.234599
Australia,0.0,2022-12-06 17:12:15.277661
Qatar,0.0,2022-12-06 17:12:15.326649
Tunisia,0.0,2022-12-06 17:12:15.355847
Saudi Arabia,0.0,2022-12-06 17:12:15.386836
Costa Rica,0.0,2022-12-06 17:12:15.401121
Brazil,0.32770843648450115,2022-12-06 17:21:01.033961
Argentina,0.13126190346692532,2022-12-06 17:21:01.045279
France,0.16673463962620952,2022-12-06 17:21:01.055752
Spain,0.08248086181386444,2022-12-06 17:21:01.067021
England,0.12103107451947748,2022-12-06 17:21:01.078064
Germany,0.0,2022-12-06 17:21:01.091209
Netherlands,0.057293637964183505,2022-12-06 17:21:01.104375
Portugal,0.06488008785457341,2022-12-06 17:21:01.118014
Belgium,0.0,2022-12-06 17:21:01.140714
Denmark,0.0,2022-12-06 17:21:01.154414
Uruguay,0.0,2022-12-06 17:21:01.167544
Croatia,0.02345744993775745,2022-12-06 17:21:01.181850
Serbia,0.0,2022-12-06 17:21:01.195931
Switzerland,0.01216190606356849,2022-12-06 17:21:01.207281
Senegal,0.0,2022-12-06 17:21:01.219906
Mexico,0.0,2022-12-06 17:21:01.232489
USA,0.0,2022-12-06 17:21:01.251148
Poland,0.0,2022-12-06 17:21:01.299391
Ecuador,0.0,2022-12-06 17:21:01.320920
Wales,0.0,2022-12-06 17:21:01.353270
Morocco,0.012990002268939213,2022-12-06 17:21:01.365397
Japan,0.0,2022-12-06 17:21:01.378705
Ghana,0.0,2022-12-06 17:21:01.392107
Canada,0.0,2022-12-06 17:21:01.404965
Cameroon,0.0,2022-12-06 17:21:01.417491
Iran,0.0,2022-12-06 17:21:01.435895
South Korea,0.0,2022-12-06 17:21:01.448476
Australia,0.0,2022-12-06 17:21:01.460754
Qatar,0.0,2022-12-06 17:21:01.472902
Tunisia,0.0,2022-12-06 17:21:01.485106
Saudi Arabia,0.0,2022-12-06 17:21:01.497273
Costa Rica,0.0,2022-12-06 17:21:01.509219
Brazil,0.3276479208411048,2022-12-06 17:23:35.231984
Argentina,0.13183047190280534,2022-12-06 17:23:35.245987
France,0.1663465379520442,2022-12-06 17:23:35.259341
Spain,0.08183570034599544,2022-12-06 17:23:35.272111
England,0.12114743257364806,2022-12-06 17:23:35.286076
Germany,0.0,2022-12-06 17:23:35.302431
Netherlands,0.05751019339389295,2022-12-06 17:23:35.316528
Portugal,0.06519340400669621,2022-12-06 17:23:35.330223
Belgium,0.0,2022-12-06 17:23:35.345965
Denmark,0.0,2022-12-06 17:23:35.374354
Uruguay,0.0,2022-12-06 17:23:35.395197
Croatia,0.023433495220708353,2022-12-06 17:23:35.413375
Serbia,0.0,2022-12-06 17:23:35.429493
Switzerland,0.012153205779299217,2022-12-06 17:23:35.458282
Senegal,0.0,2022-12-06 17:23:35.490510
Mexico,0.0,2022-12-06 17:23:35.516378
USA,0.0,2022-12-06 17:23:35.541365
Poland,0.0,2022-12-06 17:23:35.556969
Ecuador,0.0,2022-12-06 17:23:35.573604
Wales,0.0,2022-12-06 17:23:35.589104
Morocco,0.012901637983805532,2022-12-06 17:23:35.603479
Japan,0.0,2022-12-06 17:23:35.619021
Ghana,0.0,2022-12-06 17:23:35.634328
Canada,0.0,2022-12-06 17:23:35.649077
Cameroon,0.0,2022-12-06 17:23:35.664516
Iran,0.0,2022-12-06 17:23:35.680733
South Korea,0.0,2022-12-06 17:23:35.698473
Australia,0.0,2022-12-06 17:23:35.713991
Qatar,0.0,2022-12-06 17:23:35.729038
Tunisia,0.0,2022-12-06 17:23:35.744599
Saudi Arabia,0.0,2022-12-06 17:23:35.760030
Costa Rica,0.0,2022-12-06 17:23:35.775532
Brazil,0.32711720942449735,2022-12-06 17:27:23.804679
Argentina,0.13194947825959316,2022-12-06 17:27:23.818614
France,0.16649670274444922,2022-12-06 17:27:23.838105
Spain,0.08098661504028025,2022-12-06 17:27:23.853609
England,0.12156093810386656,2022-12-06 17:27:23.867356
Germany,0.0,2022-12-06 17:27:23.884664
Netherlands,0.057647100110885384,2022-12-06 17:27:23.901300
Portugal,0.06544868312215547,2022-12-06 17:27:23.917827
Belgium,0.0,2022-12-06 17:27:23.935724
Denmark,0.0,2022-12-06 17:27:23.960602
Uruguay,0.0,2022-12-06 17:27:23.987710
Croatia,0.023454649168295504,2022-12-06 17:27:24.002271
Serbia,0.0,2022-12-06 17:27:24.019147
Switzerland,0.012164176753780395,2022-12-06 17:27:24.033779
Senegal,0.0,2022-12-06 17:27:24.072527
Mexico,0.0,2022-12-06 17:27:24.103956
USA,0.0,2022-12-06 17:27:24.120634
Poland,0.0,2022-12-06 17:27:24.141205
Ecuador,0.0,2022-12-06 17:27:24.162919
Wales,0.0,2022-12-06 17:27:24.179718
Morocco,0.013174447272196963,2022-12-06 17:27:24.194407
Japan,0.0,2022-12-06 17:27:24.211236
Ghana,0.0,2022-12-06 17:27:24.229833
Canada,0.0,2022-12-06 17:27:24.245806
Cameroon,0.0,2022-12-06 17:27:24.261864
Iran,0.0,2022-12-06 17:27:24.278178
South Korea,0.0,2022-12-06 17:27:24.302360
Australia,0.0,2022-12-06 17:27:24.338900
Qatar,0.0,2022-12-06 17:27:24.367534
Tunisia,0.0,2022-12-06 17:27:24.400160
Saudi Arabia,0.0,2022-12-06 17:27:24.417736
Costa Rica,0.0,2022-12-06 17:27:24.435412
Brazil,0.32619659984632554,2022-12-06 17:30:43.173567
Argentina,0.13171034783362495,2022-12-06 17:30:43.196294
France,0.1661949628059915,2022-12-06 17:30:43.206486
Spain,0.08067158407092404,2022-12-06 17:30:43.234351
England,0.12176128449525413,2022-12-06 17:30:43.254547
Germany,0.0,2022-12-06 17:30:43.269833
Netherlands,0.05795073821393802,2022-12-06 17:30:43.281495
Portugal,0.0652059194707552,2022-12-06 17:30:43.294092
Belgium,0.0,2022-12-06 17:30:43.306875
Denmark,0.0,2022-12-06 17:30:43.318919
Uruguay,0.0,2022-12-06 17:30:43.331503
Croatia,0.023824544352316655,2022-12-06 17:30:43.342982
Serbia,0.0,2022-12-06 17:30:43.355278
Switzerland,0.012570453144185829,2022-12-06 17:30:43.366737
Senegal,0.0,2022-12-06 17:30:43.379407
Mexico,0.0,2022-12-06 17:30:43.392020
USA,0.0,2022-12-06 17:30:43.404327
Poland,0.0,2022-12-06 17:30:43.416798
Ecuador,0.0,2022-12-06 17:30:43.429017
Wales,0.0,2022-12-06 17:30:43.441227
Morocco,0.013913565766684234,2022-12-06 17:30:43.452515
Japan,0.0,2022-12-06 17:30:43.464635
Ghana,0.0,2022-12-06 17:30:43.476711
Canada,0.0,2022-12-06 17:30:43.488840
Cameroon,0.0,2022-12-06 17:30:43.500866
Iran,0.0,2022-12-06 17:30:43.513031
South Korea,0.0,2022-12-06 17:30:43.525120
Australia,0.0,2022-12-06 17:30:43.537109
Qatar,0.0,2022-12-06 17:30:43.549255
Tunisia,0.0,2022-12-06 17:30:43.561391
Saudi Arabia,0.0,2022-12-06 17:30:43.573517
Costa Rica,0.0,2022-12-06 17:30:43.585515
Brazil,0.32614426009032643,2022-12-06 17:36:09.972987
Argentina,0.13168921429798597,2022-12-06 17:36:09.986332
France,0.16616829605408284,2022-12-06 17:36:10.000644
Spain,0.07820724763533587,2022-12-06 17:36:10.016885
England,0.12174174733293047,2022-12-06 17:36:10.044977
Germany,0.0,2022-12-06 17:36:10.064625
Netherlands,0.057941439749455204,2022-12-06 17:36:10.077980
Portugal,0.0673008390659098,2022-12-06 17:36:10.094441
Belgium,0.0,2022-12-06 17:36:10.109323
Denmark,0.0,2022-12-06 17:36:10.128167
Uruguay,0.0,2022-12-06 17:36:10.144704
Croatia,0.023820721593775403,2022-12-06 17:36:10.160537
Serbia,0.0,2022-12-06 17:36:10.176937
Switzerland,0.01277780694264321,2022-12-06 17:36:10.190259
Senegal,0.0,2022-12-06 17:36:10.205827
Mexico,0.0,2022-12-06 17:36:10.221000
USA,0.0,2022-12-06 17:36:10.237472
Poland,0.0,2022-12-06 17:36:10.253867
Ecuador,0.0,2022-12-06 17:36:10.267768
Wales,0.0,2022-12-06 17:36:10.281054
Morocco,0.014208427237554715,2022-12-06 17:36:10.294092
Japan,0.0,2022-12-06 17:36:10.312329
Ghana,0.0,2022-12-06 17:36:10.326812
Canada,0.0,2022-12-06 17:36:10.342195
Cameroon,0.0,2022-12-06 17:36:10.368919
Iran,0.0,2022-12-06 17:36:10.386604
South Korea,0.0,2022-12-06 17:36:10.402364
Australia,0.0,2022-12-06 17:36:10.435438
Qatar,0.0,2022-12-06 17:36:10.452686
Tunisia,0.0,2022-12-06 17:36:10.481816
Saudi Arabia,0.0,2022-12-06 17:36:10.511762
Costa Rica,0.0,2022-12-06 17:36:10.538918
Brazil,0.32714773178043965,2022-12-06 17:38:47.015448
Argentina,0.13149149054714185,2022-12-06 17:38:47.030074
France,0.16532493410960167,2022-12-06 17:38:47.046246
Spain,0.07839392208389612,2022-12-06 17:38:47.065017
England,0.1215589591293156,2022-12-06 17:38:47.080315
Germany,0.0,2022-12-06 17:38:47.109018
Netherlands,0.05761447212761573,2022-12-06 17:38:47.127328
Portugal,0.06786549224540418,2022-12-06 17:38:47.144237
Belgium,0.0,2022-12-06 17:38:47.165202
Denmark,0.0,2022-12-06 17:38:47.181676
Uruguay,0.0,2022-12-06 17:38:47.198196
Croatia,0.023784956155835455,2022-12-06 17:38:47.213361
Serbia,0.0,2022-12-06 17:38:47.231400
Switzerland,0.012684246007870204,2022-12-06 17:38:47.247486
Senegal,0.0,2022-12-06 17:38:47.263180
Mexico,0.0,2022-12-06 17:38:47.280170
USA,0.0,2022-12-06 17:38:47.295837
Poland,0.0,2022-12-06 17:38:47.313296
Ecuador,0.0,2022-12-06 17:38:47.329451
Wales,0.0,2022-12-06 17:38:47.350608
Morocco,0.014133795812879482,2022-12-06 17:38:47.367429
Japan,0.0,2022-12-06 17:38:47.385502
Ghana,0.0,2022-12-06 17:38:47.401723
Canada,0.0,2022-12-06 17:38:47.422098
Cameroon,0.0,2022-12-06 17:38:47.439814
Iran,0.0,2022-12-06 17:38:47.455582
South Korea,0.0,2022-12-06 17:38:47.486221
Australia,0.0,2022-12-06 17:38:47.505570
Qatar,0.0,2022-12-06 17:38:47.520594
Tunisia,0.0,2022-12-06 17:38:47.536481
Saudi Arabia,0.0,2022-12-06 17:38:47.550364
Costa Rica,0.0,2022-12-06 17:38:47.564448
Brazil,0.32443706880159395,2022-12-06 17:50:02.731280
Argentina,0.129219064084213,2022-12-06 17:50:02.741883
France,0.16736858442182181,2022-12-06 17:50:02.751690
Spain,0.06145177778299847,2022-12-06 17:50:02.762241
England,0.12405522173967586,2022-12-06 17:50:02.772509
Germany,0.0,2022-12-06 17:50:02.784467
Netherlands,0.06011414524000635,2022-12-06 17:50:02.794737
Portugal,0.07767342164804025,2022-12-06 17:50:02.805047
Belgium,0.0,2022-12-06 17:50:02.817171
Denmark,0.0,2022-12-06 17:50:02.829297
Uruguay,0.0,2022-12-06 17:50:02.841913
Croatia,0.02350516373316308,2022-12-06 17:50:02.853025
Serbia,0.0,2022-12-06 17:50:02.865409
Switzerland,0.014180309770527961,2022-12-06 17:50:02.876646
Senegal,0.0,2022-12-06 17:50:02.889270
Mexico,0.0,2022-12-06 17:50:02.901734
USA,0.0,2022-12-06 17:50:02.914348
Poland,0.0,2022-12-06 17:50:02.926701
Ecuador,0.0,2022-12-06 17:50:02.939332
Wales,0.0,2022-12-06 17:50:02.952121
Morocco,0.017995242777959258,2022-12-06 17:50:02.963716
Japan,0.0,2022-12-06 17:50:02.977685
Ghana,0.0,2022-12-06 17:50:02.990486
Canada,0.0,2022-12-06 17:50:03.003170
Cameroon,0.0,2022-12-06 17:50:03.015716
Iran,0.0,2022-12-06 17:50:03.028076
South Korea,0.0,2022-12-06 17:50:03.040697
Australia,0.0,2022-12-06 17:50:03.053150
Qatar,0.0,2022-12-06 17:50:03.065315
Tunisia,0.0,2022-12-06 17:50:03.077464
Saudi Arabia,0.0,2022-12-06 17:50:03.089589
Costa Rica,0.0,2022-12-06 17:50:03.101730
Brazil,0.3195783023753283,2022-12-06 17:53:05.998041
Argentina,0.12889224975903726,2022-12-06 17:53:06.009103
France,0.17165336918939114,2022-12-06 17:53:06.019459
Spain,0.057483136950329514,2022-12-06 17:53:06.030405
England,0.126717780816368,2022-12-06 17:53:06.040876
Germany,0.0,2022-12-06 17:53:06.053186
Netherlands,0.05562081082673596,2022-12-06 17:53:06.063885
Portugal,0.07867666102759802,2022-12-06 17:53:06.074325
Belgium,0.0,2022-12-06 17:53:06.086630
Denmark,0.0,2022-12-06 17:53:06.098540
Uruguay,0.0,2022-12-06 17:53:06.110474
Croatia,0.02395944979453527,2022-12-06 17:53:06.121216
Serbia,0.0,2022-12-06 17:53:06.133028
Switzerland,0.015201451164249834,2022-12-06 17:53:06.143833
Senegal,0.0,2022-12-06 17:53:06.155847
Mexico,0.0,2022-12-06 17:53:06.168073
USA,0.0,2022-12-06 17:53:06.179951
Poland,0.0,2022-12-06 17:53:06.191946
Ecuador,0.0,2022-12-06 17:53:06.204214
Wales,0.0,2022-12-06 17:53:06.216824
Morocco,0.022216788096426757,2022-12-06 17:53:06.228099
Japan,0.0,2022-12-06 17:53:06.240091
Ghana,0.0,2022-12-06 17:53:06.252213
Canada,0.0,2022-12-06 17:53:06.264483
Cameroon,0.0,2022-12-06 17:53:06.276575
Iran,0.0,2022-12-06 17:53:06.288533
South Korea,0.0,2022-12-06 17:53:06.300563
Australia,0.0,2022-12-06 17:53:06.312407
Qatar,0.0,2022-12-06 17:53:06.324608
Tunisia,0.0,2022-12-06 17:53:06.336464
Saudi Arabia,0.0,2022-12-06 17:53:06.348191
Costa Rica,0.0,2022-12-06 17:53:06.360736
Brazil,0.31232555286804,2022-12-06 18:08:15.013486
Argentina,0.13002485607434824,2022-12-06 18:08:15.029622
France,0.17389110984613373,2022-12-06 18:08:15.045047
Spain,0.049035468550455,2022-12-06 18:08:15.059136
England,0.1268508767618014,2022-12-06 18:08:15.072298
Germany,0.0,2022-12-06 18:08:15.088899
Netherlands,0.05556898178527941,2022-12-06 18:08:15.102369
Portugal,0.08551896642148371,2022-12-06 18:08:15.116157
Belgium,0.0,2022-12-06 18:08:15.135035
Denmark,0.0,2022-12-06 18:08:15.152632
Uruguay,0.0,2022-12-06 18:08:15.181872
Croatia,0.024376746828061523,2022-12-06 18:08:15.197902
Serbia,0.0,2022-12-06 18:08:15.213578
Switzerland,0.016076848876637025,2022-12-06 18:08:15.227873
Senegal,0.0,2022-12-06 18:08:15.262600
Mexico,0.0,2022-12-06 18:08:15.289284
USA,0.0,2022-12-06 18:08:15.305894
Poland,0.0,2022-12-06 18:08:15.341376
Ecuador,0.0,2022-12-06 18:08:15.373277
Wales,0.0,2022-12-06 18:08:15.399967
Morocco,0.026330591987759958,2022-12-06 18:08:15.415649
Japan,0.0,2022-12-06 18:08:15.437517
Ghana,0.0,2022-12-06 18:08:15.455219
Canada,0.0,2022-12-06 18:08:15.475364
Cameroon,0.0,2022-12-06 18:08:15.494162
Iran,0.0,2022-12-06 18:08:15.512704
South Korea,0.0,2022-12-06 18:08:15.529344
Australia,0.0,2022-12-06 18:08:15.546215
Qatar,0.0,2022-12-06 18:08:15.563296
Tunisia,0.0,2022-12-06 18:08:15.580542
Saudi Arabia,0.0,2022-12-06 18:08:15.598452
Costa Rica,0.0,2022-12-06 18:08:15.616892
Brazil,0.3123878979608502,2022-12-06 18:09:43.326982
Argentina,0.12940838629984106,2022-12-06 18:09:43.355338
France,0.17358688207891088,2022-12-06 18:09:43.380548
Spain,0.049006438666230376,2022-12-06 18:09:43.395500
England,0.1265121208456154,2022-12-06 18:09:43.407013
Germany,0.0,2022-12-06 18:09:43.438078
Netherlands,0.05572834325265961,2022-12-06 18:09:43.449388
Portugal,0.0859649672339549,2022-12-06 18:09:43.461057
Belgium,0.0,2022-12-06 18:09:43.473829
Denmark,0.0,2022-12-06 18:09:43.487982
Uruguay,0.0,2022-12-06 18:09:43.500803
Croatia,0.024459213736822537,2022-12-06 18:09:43.521789
Serbia,0.0,2022-12-06 18:09:43.539707
Switzerland,0.016507300158800482,2022-12-06 18:09:43.555936
Senegal,0.0,2022-12-06 18:09:43.568995
Mexico,0.0,2022-12-06 18:09:43.582909
USA,0.0,2022-12-06 18:09:43.595789
Poland,0.0,2022-12-06 18:09:43.609327
Ecuador,0.0,2022-12-06 18:09:43.621931
Wales,0.0,2022-12-06 18:09:43.634528
Morocco,0.0264384497663145,2022-12-06 18:09:43.646004
Japan,0.0,2022-12-06 18:09:43.662409
Ghana,0.0,2022-12-06 18:09:43.675018
Canada,0.0,2022-12-06 18:09:43.687574
Cameroon,0.0,2022-12-06 18:09:43.700263
Iran,0.0,2022-12-06 18:09:43.712757
South Korea,0.0,2022-12-06 18:09:43.725250
Australia,0.0,2022-12-06 18:09:43.737700
Qatar,0.0,2022-12-06 18:09:43.750199
Tunisia,0.0,2022-12-06 18:09:43.762591
Saudi Arabia,0.0,2022-12-06 18:09:43.780124
Costa Rica,0.0,2022-12-06 18:09:43.793244
Brazil,0.3308491159722684,2022-12-06 18:57:46.380960
Argentina,0.13601151864249944,2022-12-06 18:57:46.392851
France,0.1828305151818658,2022-12-06 18:57:46.404967
Spain,0.0,2022-12-06 18:57:46.427657
England,0.13317853613207561,2022-12-06 18:57:46.439182
Germany,0.0,2022-12-06 18:57:46.457089
Netherlands,0.05824332840761517,2022-12-06 18:57:46.468289
Portugal,0.08927868481133314,2022-12-06 18:57:46.479696
Belgium,0.0,2022-12-06 18:57:46.494286
Denmark,0.0,2022-12-06 18:57:46.507568
Uruguay,0.0,2022-12-06 18:57:46.521531
Croatia,0.02522203780586404,2022-12-06 18:57:46.533654
Serbia,0.0,2022-12-06 18:57:46.547955
Switzerland,0.017288966142157407,2022-12-06 18:57:46.560185
Senegal,0.0,2022-12-06 18:57:46.573820
Mexico,0.0,2022-12-06 18:57:46.587308
USA,0.0,2022-12-06 18:57:46.600035
Poland,0.0,2022-12-06 18:57:46.619042
Ecuador,0.0,2022-12-06 18:57:46.632271
Wales,0.0,2022-12-06 18:57:46.650684
Morocco,0.02709729690432099,2022-12-06 18:57:46.662505
Japan,0.0,2022-12-06 18:57:46.675688
Ghana,0.0,2022-12-06 18:57:46.688664
Canada,0.0,2022-12-06 18:57:46.713434
Cameroon,0.0,2022-12-06 18:57:46.726491
Iran,0.0,2022-12-06 18:57:46.739330
South Korea,0.0,2022-12-06 18:57:46.752322
Australia,0.0,2022-12-06 18:57:46.768061
Qatar,0.0,2022-12-06 18:57:46.781151
Tunisia,0.0,2022-12-06 18:57:46.797881
Saudi Arabia,0.0,2022-12-06 18:57:46.812406
Costa Rica,0.0,2022-12-06 18:57:46.825632
Brazil,,2022-12-06 19:10:56.627866
Argentina,,2022-12-06 19:10:56.639954
France,,2022-12-06 19:10:56.651634
Spain,,2022-12-06 19:10:56.663159
England,,2022-12-06 19:10:56.674969
Germany,,2022-12-06 19:10:56.686464
Netherlands,,2022-12-06 19:10:56.698068
Portugal,,2022-12-06 19:10:56.709468
Belgium,,2022-12-06 19:10:56.721020
Denmark,,2022-12-06 19:10:56.732485
Uruguay,,2022-12-06 19:10:56.743917
Croatia,,2022-12-06 19:10:56.755316
Serbia,,2022-12-06 19:10:56.767008
Switzerland,,2022-12-06 19:10:56.778775
Senegal,,2022-12-06 19:10:56.790261
Mexico,,2022-12-06 19:10:56.801779
USA,,2022-12-06 19:10:56.813306
Poland,,2022-12-06 19:10:56.824710
Ecuador,,2022-12-06 19:10:56.836216
Wales,,2022-12-06 19:10:56.847674
Morocco,,2022-12-06 19:10:56.860029
Japan,,2022-12-06 19:10:56.871649
Ghana,,2022-12-06 19:10:56.883262
Canada,,2022-12-06 19:10:56.894903
Cameroon,,2022-12-06 19:10:56.906529
Iran,,2022-12-06 19:10:56.917968
South Korea,,2022-12-06 19:10:56.929397
Australia,,2022-12-06 19:10:56.941003
Qatar,,2022-12-06 19:10:56.952687
Tunisia,,2022-12-06 19:10:56.964120
Saudi Arabia,,2022-12-06 19:10:56.975603
Costa Rica,,2022-12-06 19:10:56.987025
Brazil,0.33025469121134216,2022-12-06 19:17:40.078745
Argentina,0.1359396722834484,2022-12-06 19:17:40.091467
France,0.1820265648580733,2022-12-06 19:17:40.113581
Spain,0.0,2022-12-06 19:17:40.129685
England,0.13353031022043813,2022-12-06 19:17:40.142059
Germany,0.0,2022-12-06 19:17:40.161872
Netherlands,0.05825849973942097,2022-12-06 19:17:40.175572
Portugal,0.08949843344261546,2022-12-06 19:17:40.196899
Belgium,0.0,2022-12-06 19:17:40.223100
Denmark,0.0,2022-12-06 19:17:40.273822
Uruguay,0.0,2022-12-06 19:17:40.297358
Croatia,0.02541950594314042,2022-12-06 19:17:40.321017
Serbia,0.0,2022-12-06 19:17:40.340719
Switzerland,0.017816463318331855,2022-12-06 19:17:40.355060
Senegal,0.0,2022-12-06 19:17:40.395084
Mexico,0.0,2022-12-06 19:17:40.427912
USA,0.0,2022-12-06 19:17:40.458029
Poland,0.0,2022-12-06 19:17:40.474459
Ecuador,0.0,2022-12-06 19:17:40.491536
Wales,0.0,2022-12-06 19:17:40.507296
Morocco,0.027255858983189073,2022-12-06 19:17:40.522074
Japan,0.0,2022-12-06 19:17:40.537742
Ghana,0.0,2022-12-06 19:17:40.554110
Canada,0.0,2022-12-06 19:17:40.570379
Cameroon,0.0,2022-12-06 19:17:40.585846
Iran,0.0,2022-12-06 19:17:40.602490
South Korea,0.0,2022-12-06 19:17:40.617908
Australia,0.0,2022-12-06 19:17:40.632673
Qatar,0.0,2022-12-06 19:17:40.647470
Tunisia,0.0,2022-12-06 19:17:40.662254
Saudi Arabia,0.0,2022-12-06 19:17:40.676998
Costa Rica,0.0,2022-12-06 19:17:40.692716
