Brazil,0.1997834245368369,2022-11-21 19:20:42.401356
Argentina,0.13879823439957878,2022-11-21 19:20:42.431816
England,0.10148986264966436,2022-11-21 19:20:42.467356
France,0.09439574688569621,2022-11-21 19:20:42.490345
Spain,0.08212109791638086,2022-11-21 19:20:42.517482
Germany,0.07269650858024156,2022-11-21 19:20:42.575195
Netherlands,0.06916425579583897,2022-11-21 19:20:42.616177
Portugal,0.057114605057613184,2022-11-21 19:20:42.651858
Belgium,0.04265545515524805,2022-11-21 19:20:42.687720
Denmark,0.028770826870440972,2022-11-21 19:20:42.733155
Uruguay,0.021442224726089268,2022-11-21 19:20:42.766479
Croatia,0.014447138651664084,2022-11-21 19:20:42.823937
Serbia,0.009459688626869665,2022-11-21 19:20:42.875507
Switzerland,0.00783578214772201,2022-11-21 19:20:42.893043
Ecuador,0.007657918561627977,2022-11-21 19:20:42.919200
Mexico,0.00613176349023121,2022-11-21 19:20:42.937751
USA,0.0060380823704998445,2022-11-21 19:20:42.956108
Poland,0.005103213999394161,2022-11-21 19:20:42.984525
Wales,0.004712980817722358,2022-11-21 19:20:43.037502
Senegal,0.004579262826759687,2022-11-21 19:20:43.082859
Morocco,0.0031328896534571363,2022-11-21 19:20:43.119880
Australia,0.0021801647890744157,2022-11-21 19:20:43.147462
Japan,0.003005173179441165,2022-11-21 19:20:43.166527
Canada,0.0027260751196896355,2022-11-21 19:20:43.198692
Cameroon,0.0025725418350113177,2022-11-21 19:20:43.243607
Ghana,0.002469432623158443,2022-11-21 19:20:43.290903
South Korea,0.0028653466271905273,2022-11-21 19:20:43.340758
Iran,0.0012992492159961757,2022-11-21 19:20:43.378015
Tunisia,0.001630076750193378,2022-11-21 19:20:43.434276
Saudi Arabia,0.0013250290280778234,2022-11-21 19:20:43.479184
Costa Rica,0.0013378718452137538,2022-11-21 19:20:43.518386
Qatar,0.0010580752673762656,2022-11-21 19:20:43.565109
Brazil,0.19978359983403615,2022-11-21 19:22:09.414972
Argentina,0.13879835618616745,2022-11-21 19:22:09.427196
England,0.10157099726352103,2022-11-21 19:22:09.439392
France,0.09431390671280311,2022-11-21 19:22:09.452755
Spain,0.08212116997240101,2022-11-21 19:22:09.471915
Germany,0.07269657236678631,2022-11-21 19:22:09.486133
Netherlands,0.06916431648305743,2022-11-21 19:22:09.500168
Portugal,0.05711465517203247,2022-11-21 19:22:09.514682
Belgium,0.042655492582686486,2022-11-21 19:22:09.528473
Denmark,0.028770852115004592,2022-11-21 19:22:09.543149
Uruguay,0.02144224354027242,2022-11-21 19:22:09.561511
Croatia,0.014447151328105829,2022-11-21 19:22:09.576466
Serbia,0.009459696927142451,2022-11-21 19:22:09.592560
Switzerland,0.007835789023120545,2022-11-21 19:22:09.608822
Ecuador,0.007657925280962572,2022-11-21 19:22:09.625238
Mexico,0.006131768870462171,2022-11-21 19:22:09.650802
USA,0.006038087668531605,2022-11-21 19:22:09.678448
Poland,0.005103218477138616,2022-11-21 19:22:09.692976
Wales,0.004712984953062111,2022-11-21 19:22:09.718760
Senegal,0.004579266844770441,2022-11-21 19:22:09.746682
Morocco,0.0031328924023677784,2022-11-21 19:22:09.772616
Australia,0.0021801667020298187,2022-11-21 19:22:09.788109
Japan,0.0030051758162887555,2022-11-21 19:22:09.806192
Canada,0.0027260775116464985,2022-11-21 19:22:09.826767
Cameroon,0.0025725440922525263,2022-11-21 19:22:09.844233
Ghana,0.0024694347899279013,2022-11-21 19:22:09.865432
South Korea,0.0028653491413492462,2022-11-21 19:22:09.882484
Iran,0.0012992503560044083,2022-11-21 19:22:09.899278
Tunisia,0.001630078180481649,2022-11-21 19:22:09.916485
Saudi Arabia,0.001325030190706195,2022-11-21 19:22:09.933937
Costa Rica,0.0013378730191108777,2022-11-21 19:22:09.950911
Qatar,0.0010580761957697568,2022-11-21 19:22:09.972415
Brazil,0.19978970009891894,2022-11-21 19:24:24.541508
Argentina,0.13880259430550626,2022-11-21 19:24:24.571012
England,0.10157409866918311,2022-11-21 19:24:24.597545
France,0.09431678652783075,2022-11-21 19:24:24.627752
Spain,0.08212367748998368,2022-11-21 19:24:24.652909
Germany,0.07269879211028815,2022-11-21 19:24:24.683537
Netherlands,0.06916642837137726,2022-11-21 19:24:24.723961
Portugal,0.05711639913162438,2022-11-21 19:24:24.747159
Belgium,0.04265679504096472,2022-11-21 19:24:24.778680
Denmark,0.028771730614635945,2022-11-21 19:24:24.809025
Uruguay,0.021442898265512055,2022-11-21 19:24:24.840025
Croatia,0.014447592462663302,2022-11-21 19:24:24.874100
Serbia,0.009459985772958696,2022-11-21 19:24:24.908764
Switzerland,0.007836028283943988,2022-11-21 19:24:24.941119
Mexico,0.006131956100116361,2022-11-21 19:24:24.973656
Ecuador,0.007636229567204248,2022-11-21 19:24:25.013828
USA,0.006039758716379108,2022-11-21 19:24:25.049049
Wales,0.004713128861053688,2022-11-21 19:24:25.084850
Senegal,0.004579406669764812,2022-11-21 19:24:25.122310
Poland,0.005093282802979225,2022-11-21 19:24:25.164655
Morocco,0.0031329880632404404,2022-11-21 19:24:25.198954
Australia,0.0021802332720304695,2022-11-21 19:24:25.239785
Japan,0.003005267577416866,2022-11-21 19:24:25.266512
Canada,0.0027261607506857684,2022-11-21 19:24:25.321538
Cameroon,0.002572622643246694,2022-11-21 19:24:25.380689
Ghana,0.002469510192545242,2022-11-21 19:24:25.410754
South Korea,0.00286543663295896,2022-11-21 19:24:25.443167
Iran,0.001299290027785912,2022-11-21 19:24:25.464598
Tunisia,0.00163012795387991,2022-11-21 19:24:25.517442
Saudi Arabia,0.0013250706496585201,2022-11-21 19:24:25.554233
Costa Rica,0.001337913870210782,2022-11-21 19:24:25.579474
Qatar,0.0010581085034519974,2022-11-21 19:24:25.614713
Brazil,0.19977747691972078,2022-11-21 19:27:14.229697
Argentina,0.13879410233128273,2022-11-21 19:27:14.241698
England,0.10156788434277234,2022-11-21 19:27:14.253132
France,0.09431101620542397,2022-11-21 19:27:14.266593
Spain,0.0821186531447553,2022-11-21 19:27:14.282517
Germany,0.07269434438168647,2022-11-21 19:27:14.295354
Netherlands,0.06916219675359085,2022-11-21 19:27:14.308145
Portugal,0.05711290473736185,2022-11-21 19:27:14.321516
Belgium,0.04265418528856234,2022-11-21 19:27:14.334574
Denmark,0.028769970353626644,2022-11-21 19:27:14.347741
Uruguay,0.021441586384129293,2022-11-21 19:27:14.362233
Croatia,0.014446708555677278,2022-11-21 19:27:14.376398
Serbia,0.009459407008881981,2022-11-21 19:27:14.390145
Switzerland,0.007882592521731338,2022-11-21 19:27:14.403751
Mexico,0.006131580945650391,2022-11-21 19:27:14.418124
Ecuador,0.007635762380946137,2022-11-21 19:27:14.432413
USA,0.006019993469576355,2022-11-21 19:27:14.446591
Wales,0.004750037073640288,2022-11-21 19:27:14.461381
Senegal,0.004575462249931969,2022-11-21 19:27:14.477116
Poland,0.00509297119478132,2022-11-21 19:27:14.493332
Morocco,0.0031327963863196397,2022-11-21 19:27:14.508609
Australia,0.002180099884864041,2022-11-21 19:27:14.524065
Japan,0.003005083714464376,2022-11-21 19:27:14.539502
Canada,0.002725993963552287,2022-11-21 19:27:14.555410
Cameroon,0.002572465249609474,2022-11-21 19:27:14.571040
Ghana,0.0024693591073511596,2022-11-21 19:27:14.587719
South Korea,0.0028652613248953893,2022-11-21 19:27:14.605725
Iran,0.0012992105369271133,2022-11-21 19:27:14.623281
Tunisia,0.0016300282222817028,2022-11-21 19:27:14.640787
Saudi Arabia,0.0013249895815354237,2022-11-21 19:27:14.657267
Costa Rica,0.0013378320163365373,2022-11-21 19:27:14.674562
Qatar,0.0010580437681335982,2022-11-21 19:27:14.692705
Brazil,0.19960501947986325,2022-11-21 19:38:37.844590
Argentina,0.13874449014653192,2022-11-21 19:38:37.866136
England,0.10153157873210067,2022-11-21 19:38:37.878229
France,0.09427730457444376,2022-11-21 19:38:37.890563
Spain,0.08208929969440781,2022-11-21 19:38:37.903121
Germany,0.0726683596663187,2022-11-21 19:38:37.917668
Netherlands,0.06913747461031908,2022-11-21 19:38:37.932211
Portugal,0.057092489633737906,2022-11-21 19:38:37.946608
Belgium,0.04256249449444699,2022-11-21 19:38:37.963238
Denmark,0.02872718172658472,2022-11-21 19:38:37.982179
Uruguay,0.021433922053101014,2022-11-21 19:38:38.002031
Croatia,0.014441544555464973,2022-11-21 19:38:38.017788
Serbia,0.009413940366303221,2022-11-21 19:38:38.033449
Switzerland,0.007898981716224383,2022-11-21 19:38:38.048848
Ecuador,0.007665132448547384,2022-11-21 19:38:38.063337
USA,0.006611979914109597,2022-11-21 19:38:38.077680
Mexico,0.006278674623906042,2022-11-21 19:38:38.092799
Wales,0.0046120950268169385,2022-11-21 19:38:38.108502
Senegal,0.0045621866017429786,2022-11-21 19:38:38.124332
Poland,0.005079510562151702,2022-11-21 19:38:38.140380
Morocco,0.0031318942834750326,2022-11-21 19:38:38.155938
Australia,0.002179320604502366,2022-11-21 19:38:38.171446
Japan,0.0030040095422486303,2022-11-21 19:38:38.186827
Canada,0.002725019552436269,2022-11-21 19:38:38.202215
Cameroon,0.0025715457175898493,2022-11-21 19:38:38.221651
Ghana,0.0024626360957345017,2022-11-21 19:38:38.244072
South Korea,0.002865630501432161,2022-11-21 19:38:38.260130
Iran,0.0012944573401651438,2022-11-21 19:38:38.276058
Tunisia,0.0016251567741830484,2022-11-21 19:38:38.292487
Saudi Arabia,0.0013202271700107058,2022-11-21 19:38:38.310463
Costa Rica,0.0013330650142619528,2022-11-21 19:38:38.327313
Qatar,0.00105337677683777,2022-11-21 19:38:38.343944
Brazil,0.2000886986475065,2022-11-21 19:41:07.088214
Argentina,0.1391057926955875,2022-11-21 19:41:07.100678
England,0.10129283944291305,2022-11-21 19:41:07.113393
France,0.09425651068876666,2022-11-21 19:41:07.129593
Spain,0.08172611970346802,2022-11-21 19:41:07.142296
Germany,0.0724389841102757,2022-11-21 19:41:07.154686
Netherlands,0.06904722733158046,2022-11-21 19:41:07.168540
Portugal,0.05691207210800481,2022-11-21 19:41:07.182054
Belgium,0.042656157492313634,2022-11-21 19:41:07.195241
Denmark,0.028695474169721995,2022-11-21 19:41:07.208229
Uruguay,0.02146448038483106,2022-11-21 19:41:07.221532
Croatia,0.014333508768877233,2022-11-21 19:41:07.234736
Serbia,0.009460238728786796,2022-11-21 19:41:07.247922
Switzerland,0.007873268481943628,2022-11-21 19:41:07.264185
Ecuador,0.007584217657468607,2022-11-21 19:41:07.278198
USA,0.007456589333684766,2022-11-21 19:41:07.292773
Mexico,0.006168243559983546,2022-11-21 19:41:07.307905
Wales,0.004175667489580033,2022-11-21 19:41:07.324677
Senegal,0.004621449848109707,2022-11-21 19:41:07.341751
Poland,0.00505797853659758,2022-11-21 19:41:07.357097
Morocco,0.0031461492368053436,2022-11-21 19:41:07.372359
Australia,0.0022036239499637154,2022-11-21 19:41:07.387495
Japan,0.0030121856600826545,2022-11-21 19:41:07.402676
Canada,0.0027199342425431364,2022-11-21 19:41:07.417930
Cameroon,0.002559165227786519,2022-11-21 19:41:07.435070
Ghana,0.0024450787281514413,2022-11-21 19:41:07.452296
South Korea,0.0028672289508345147,2022-11-21 19:41:07.469047
Iran,0.0012751108649236243,2022-11-21 19:41:07.494432
Tunisia,0.001621529668108106,2022-11-21 19:41:07.522122
Saudi Arabia,0.0013290286754864794,2022-11-21 19:41:07.584918
Costa Rica,0.001342476750032458,2022-11-21 19:41:07.622661
Qatar,0.0010629688652805586,2022-11-21 19:41:07.648688
Brazil,0.19996690245999876,2022-11-21 19:49:54.646552
Argentina,0.13933666137255662,2022-11-21 19:49:54.659155
England,0.10173143560155157,2022-11-21 19:49:54.670902
France,0.09384583614388053,2022-11-21 19:49:54.683313
Spain,0.08206804620428838,2022-11-21 19:49:54.695712
Germany,0.07241157214628487,2022-11-21 19:49:54.708625
Netherlands,0.06875128261654977,2022-11-21 19:49:54.724643
Portugal,0.05638716082675898,2022-11-21 19:49:54.738251
Belgium,0.04255147476886078,2022-11-21 19:49:54.750779
Denmark,0.028752240396775614,2022-11-21 19:49:54.763343
Uruguay,0.021466584757809222,2022-11-21 19:49:54.776414
Croatia,0.014437805539227027,2022-11-21 19:49:54.789812
Serbia,0.00942853375419006,2022-11-21 19:49:54.803036
Switzerland,0.00789693661496899,2022-11-21 19:49:54.822846
USA,0.008115988669832156,2022-11-21 19:49:54.837497
Ecuador,0.0076737553758208605,2022-11-21 19:49:54.850808
Mexico,0.00610654355865469,2022-11-21 19:49:54.864504
Poland,0.005099917231003195,2022-11-21 19:49:54.878706
Senegal,0.004576304540287088,2022-11-21 19:49:54.892608
Wales,0.0038211441158112433,2022-11-21 19:49:54.906627
Morocco,0.0031310834142818885,2022-11-21 19:49:54.927859
Australia,0.0021802728589882347,2022-11-21 19:49:54.942270
Japan,0.0030032317833036453,2022-11-21 19:49:54.956930
Canada,0.002724314025938314,2022-11-21 19:49:54.972470
Cameroon,0.0025718390198184904,2022-11-21 19:49:54.990833
Ghana,0.0024678373250940043,2022-11-21 19:49:55.030778
South Korea,0.002870727392739669,2022-11-21 19:49:55.047202
Iran,0.0012941221961647487,2022-11-21 19:49:55.067496
Tunisia,0.0016247360098011958,2022-11-21 19:49:55.086244
Saudi Arabia,0.0013198853540222922,2022-11-21 19:49:55.119956
Costa Rica,0.001332719874466454,2022-11-21 19:49:55.136842
Qatar,0.0010531040502704597,2022-11-21 19:49:55.154767
Brazil,0.20003214500841565,2022-11-21 19:57:49.197191
Argentina,0.13938212229015853,2022-11-21 19:57:49.223323
England,0.10139130417669272,2022-11-21 19:57:49.254504
France,0.09387645491845281,2022-11-21 19:57:49.285319
Spain,0.08209482227778901,2022-11-21 19:57:49.309147
Germany,0.0724351976335209,2022-11-21 19:57:49.345913
Netherlands,0.06877371387307099,2022-11-21 19:57:49.382229
Portugal,0.056405558081630024,2022-11-21 19:57:49.400231
Belgium,0.042565357899612244,2022-11-21 19:57:49.442624
Denmark,0.02876162129638002,2022-11-21 19:57:49.478552
Uruguay,0.02147358859033439,2022-11-21 19:57:49.513320
Croatia,0.014442516114903995,2022-11-21 19:57:49.542617
Serbia,0.009439833452868925,2022-11-21 19:57:49.575749
Switzerland,0.007899513122696563,2022-11-21 19:57:49.615359
USA,0.00805188997771655,2022-11-21 19:57:49.649440
Ecuador,0.007700717387880955,2022-11-21 19:57:49.682015
Mexico,0.006112483191926472,2022-11-21 19:57:49.716881
Senegal,0.004623139584443198,2022-11-21 19:57:49.753946
Poland,0.0051015811643480265,2022-11-21 19:57:49.789501
Wales,0.003856677753865221,2022-11-21 19:57:49.820183
Morocco,0.003130060412974639,2022-11-21 19:57:49.861058
Australia,0.002180984209495817,2022-11-21 19:57:49.891959
Japan,0.0030042116379326808,2022-11-21 19:57:49.939727
Canada,0.0027247924429049074,2022-11-21 19:57:49.975209
Cameroon,0.0025726781253389876,2022-11-21 19:57:50.019600
Ghana,0.002468642498321107,2022-11-21 19:57:50.067321
South Korea,0.0028716640155937935,2022-11-21 19:57:50.126088
Iran,0.001294544425188662,2022-11-21 19:57:50.162647
Tunisia,0.0016252661071147014,2022-11-21 19:57:50.215314
Saudi Arabia,0.0013203159887076085,2022-11-21 19:57:50.287354
Costa Rica,0.0013331546966288536,2022-11-21 19:57:50.333327
Qatar,0.0010534476430907843,2022-11-21 19:57:50.371393
Brazil,0.20005266408092393,2022-11-21 20:09:44.882871
Argentina,0.13939641995153448,2022-11-21 20:09:44.897485
England,0.10149060118703472,2022-11-21 20:09:44.917561
France,0.0936332269717218,2022-11-21 20:09:44.934160
Spain,0.08210324347234653,2022-11-21 20:09:44.950783
Germany,0.07244262795464419,2022-11-21 20:09:44.969398
Netherlands,0.0687807686033073,2022-11-21 20:09:44.984814
Portugal,0.05636514120275957,2022-11-21 20:09:45.000601
Belgium,0.04256972420616286,2022-11-21 20:09:45.018222
Denmark,0.02876457163115152,2022-11-21 20:09:45.041071
Uruguay,0.021561834345792633,2022-11-21 20:09:45.061759
Croatia,0.014443997611967137,2022-11-21 20:09:45.087119
Serbia,0.009440801780369875,2022-11-21 20:09:45.107286
Switzerland,0.007853288625895648,2022-11-21 20:09:45.128359
USA,0.008246317505845974,2022-11-21 20:09:45.155687
Ecuador,0.007677046488957673,2022-11-21 20:09:45.176397
Mexico,0.006117222366233363,2022-11-21 20:09:45.197920
Poland,0.005107547306557506,2022-11-21 20:09:45.217181
Senegal,0.004613524834187339,2022-11-21 20:09:45.235513
Wales,0.0037549989466695525,2022-11-21 20:09:45.253977
Morocco,0.0031324262704523712,2022-11-21 20:09:45.303944
Australia,0.0021812079324036136,2022-11-21 20:09:45.329249
Japan,0.0030045198065844062,2022-11-21 20:09:45.348781
Canada,0.0027250719490498005,2022-11-21 20:09:45.370327
Cameroon,0.0025729420277682304,2022-11-21 20:09:45.397728
Ghana,0.002468895728892713,2022-11-21 20:09:45.429584
South Korea,0.0028719585876594627,2022-11-21 20:09:45.463217
Iran,0.0012946772181001438,2022-11-21 20:09:45.493748
Tunisia,0.0016254328250844346,2022-11-21 20:09:45.534798
Saudi Arabia,0.0013204514252370973,2022-11-21 20:09:45.562611
Costa Rica,0.0013332914501385643,2022-11-21 20:09:45.585008
Qatar,0.0010535557045654605,2022-11-21 20:09:45.610614
Brazil,0.20034287943337922,2022-11-21 20:24:50.370025
Argentina,0.14013402808376288,2022-11-21 20:24:50.386265
England,0.10137684442596596,2022-11-21 20:24:50.401235
France,0.09368703626867961,2022-11-21 20:24:50.416338
Spain,0.08187013794865786,2022-11-21 20:24:50.430566
Germany,0.07229936529058363,2022-11-21 20:24:50.448105
Netherlands,0.06854206725268233,2022-11-21 20:24:50.465689
Portugal,0.056370745334239095,2022-11-21 20:24:50.482504
Belgium,0.042197380726935046,2022-11-21 20:24:50.507609
Denmark,0.028869606371437186,2022-11-21 20:24:50.537454
Uruguay,0.02146866220265236,2022-11-21 20:24:50.554232
Croatia,0.014464951443684792,2022-11-21 20:24:50.571671
Serbia,0.009454497502087643,2022-11-21 20:24:50.593024
Switzerland,0.00784623213649227,2022-11-21 20:24:50.613256
USA,0.008155432296936039,2022-11-21 20:24:50.637651
Ecuador,0.0076881835401079,2022-11-21 20:24:50.657798
Mexico,0.006104140696420834,2022-11-21 20:24:50.676702
Senegal,0.004620217650511311,2022-11-21 20:24:50.694569
Poland,0.005099402452307823,2022-11-21 20:24:50.717861
Wales,0.0037849955652777185,2022-11-21 20:24:50.735533
Morocco,0.0031369704648438633,2022-11-21 20:24:50.752966
Australia,0.0021860194505908077,2022-11-21 20:24:50.770898
Japan,0.003008878447738388,2022-11-21 20:24:50.789705
Canada,0.002729025196659838,2022-11-21 20:24:50.808558
Cameroon,0.0025766745812979036,2022-11-21 20:24:50.827485
Ghana,0.002472477343001317,2022-11-21 20:24:50.847739
South Korea,0.002876124922947142,2022-11-21 20:24:50.871697
Iran,0.0012965553995624751,2022-11-21 20:24:50.892602
Tunisia,0.0016277908319742276,2022-11-21 20:24:50.913704
Saudi Arabia,0.0013223669972067876,2022-11-21 20:24:50.937454
Costa Rica,0.0013352256490651584,2022-11-21 20:24:50.960350
Qatar,0.0010550840923104399,2022-11-21 20:24:50.980927
Brazil,0.2004112071601743,2022-11-21 20:30:32.501338
Argentina,0.1401818213450591,2022-11-21 20:30:32.513994
England,0.10133024630442694,2022-11-21 20:30:32.526527
France,0.093718988600784,2022-11-21 20:30:32.538352
Spain,0.08189806008112521,2022-11-21 20:30:32.550912
Germany,0.0723240232734029,2022-11-21 20:30:32.563781
Netherlands,0.06856544379423177,2022-11-21 20:30:32.576618
Portugal,0.05638997079858964,2022-11-21 20:30:32.590294
Belgium,0.04221177230955546,2022-11-21 20:30:32.603149
Denmark,0.028879452464207776,2022-11-21 20:30:32.615882
Uruguay,0.021475984174313078,2022-11-21 20:30:32.630174
Croatia,0.01442729514238432,2022-11-21 20:30:32.643811
Serbia,0.009457721995636574,2022-11-21 20:30:32.656973
Switzerland,0.007829663592722677,2022-11-21 20:30:32.675038
USA,0.00805854153532959,2022-11-21 20:30:32.688971
Ecuador,0.007669975477758928,2022-11-21 20:30:32.702991
Mexico,0.006106222537607321,2022-11-21 20:30:32.717265
Senegal,0.004602943374724205,2022-11-21 20:30:32.731731
Poland,0.0050890997932487025,2022-11-21 20:30:32.746393
Wales,0.0037511759495684133,2022-11-21 20:30:32.761811
Morocco,0.0031359044164813647,2022-11-21 20:30:32.776341
Australia,0.002186765001120036,2022-11-21 20:30:32.791206
Japan,0.003009904637564141,2022-11-21 20:30:32.807088
Canada,0.002728722270228071,2022-11-21 20:30:32.822042
Cameroon,0.0025775533662955466,2022-11-21 20:30:32.837292
Ghana,0.002467070265719772,2022-11-21 20:30:32.854193
South Korea,0.0028751837848395713,2022-11-21 20:30:32.875452
Iran,0.001296997594879656,2022-11-21 20:30:32.892618
Tunisia,0.0016283459964380768,2022-11-21 20:30:32.913595
Saudi Arabia,0.0013228179956708383,2022-11-21 20:30:32.930641
Costa Rica,0.0013356810330229867,2022-11-21 20:30:32.947529
Qatar,0.0010554439328887978,2022-11-21 20:30:32.965378
Brazil,0.20031587628367914,2022-11-21 20:32:22.708229
Argentina,0.14023665170146235,2022-11-21 20:32:22.723036
England,0.10143590058212604,2022-11-21 20:32:22.737673
France,0.09383281789858083,2022-11-21 20:32:22.752028
Spain,0.08180429253779066,2022-11-21 20:32:22.768638
Germany,0.07224121733172735,2022-11-21 20:32:22.783274
Netherlands,0.06858751407376196,2022-11-21 20:32:22.799136
Portugal,0.05641672851401425,2022-11-21 20:32:22.839259
Belgium,0.04216344278642215,2022-11-21 20:32:22.886152
Denmark,0.028878918765401728,2022-11-21 20:32:22.943075
Uruguay,0.02150920043916361,2022-11-21 20:32:22.969779
Croatia,0.01436734850572071,2022-11-21 20:32:22.999190
Serbia,0.009446893566291685,2022-11-21 20:32:23.015971
Switzerland,0.007837778772552371,2022-11-21 20:32:23.031716
USA,0.008062449642361547,2022-11-21 20:32:23.051293
Ecuador,0.007673833219336211,2022-11-21 20:32:23.072932
Mexico,0.006125743861167755,2022-11-21 20:32:23.097002
Senegal,0.004605991973733178,2022-11-21 20:32:23.121776
Poland,0.005096228189683129,2022-11-21 20:32:23.144509
Wales,0.0037521314707617895,2022-11-21 20:32:23.169352
Morocco,0.0031361542030673424,2022-11-21 20:32:23.191025
Australia,0.0021858413977091803,2022-11-21 20:32:23.214808
Japan,0.0030098203998249434,2022-11-21 20:32:23.235868
Canada,0.002727625812638345,2022-11-21 20:32:23.261354
Cameroon,0.0025771414184513515,2022-11-21 20:32:23.283517
Ghana,0.0024663405468030525,2022-11-21 20:32:23.304389
South Korea,0.0028744310710096996,2022-11-21 20:32:23.324963
Iran,0.001295512623464433,2022-11-21 20:32:23.347449
Tunisia,0.0016264816543079532,2022-11-21 20:32:23.373338
Saudi Arabia,0.0013213034617049553,2022-11-21 20:32:23.409784
Costa Rica,0.0013341517717801556,2022-11-21 20:32:23.449157
Qatar,0.0010542355235001468,2022-11-21 20:32:23.485929
Brazil,0.2002966970315967,2022-11-21 20:40:33.742181
Argentina,0.14010172483442018,2022-11-21 20:40:33.757829
England,0.101272348646419,2022-11-21 20:40:33.772594
France,0.09388669778419849,2022-11-21 20:40:33.788058
Spain,0.08185126550549726,2022-11-21 20:40:33.803056
Germany,0.07228269907142018,2022-11-21 20:40:33.818482
Netherlands,0.06862689781492902,2022-11-21 20:40:33.832538
Portugal,0.05635775092976029,2022-11-21 20:40:33.849118
Belgium,0.04218765352127437,2022-11-21 20:40:33.864903
Denmark,0.0288955013734347,2022-11-21 20:40:33.880772
Uruguay,0.021521551269985315,2022-11-21 20:40:33.896240
Croatia,0.014354653331491595,2022-11-21 20:40:33.912337
Serbia,0.00945231808146871,2022-11-21 20:40:33.930931
Switzerland,0.007842279315467089,2022-11-21 20:40:33.949450
USA,0.008208707788123076,2022-11-21 20:40:33.965301
Ecuador,0.007665593038819556,2022-11-21 20:40:33.982025
Mexico,0.006129261333902289,2022-11-21 20:40:34.005124
Senegal,0.004600313363932174,2022-11-21 20:40:34.021789
Poland,0.005108654114817563,2022-11-21 20:40:34.039058
Wales,0.0037490326181330662,2022-11-21 20:40:34.057107
Morocco,0.0031341126363557585,2022-11-21 20:40:34.075351
Australia,0.0021870965330352257,2022-11-21 20:40:34.093344
Japan,0.003008184850672292,2022-11-21 20:40:34.111212
Canada,0.0027271631441570096,2022-11-21 20:40:34.129444
Cameroon,0.002576080614489036,2022-11-21 20:40:34.154695
Ghana,0.002466727453261399,2022-11-21 20:40:34.175646
South Korea,0.0028735409741926445,2022-11-21 20:40:34.196139
Iran,0.0012962565217457778,2022-11-21 20:40:34.214618
Tunisia,0.0016274155988217803,2022-11-21 20:40:34.233443
Saudi Arabia,0.0013220621693829004,2022-11-21 20:40:34.253374
Costa Rica,0.0013349178571058441,2022-11-21 20:40:34.291869
Qatar,0.0010548408776895695,2022-11-21 20:40:34.323881
Brazil,0.20045555832793086,2022-11-21 20:48:00.378038
Argentina,0.14029510830764824,2022-11-21 20:48:00.391085
England,0.10152473076899347,2022-11-21 20:48:00.402838
France,0.09373972869134234,2022-11-21 20:48:00.416036
Spain,0.08191618419031582,2022-11-21 20:48:00.427921
Germany,0.0723400286402408,2022-11-21 20:48:00.441602
Netherlands,0.0685806173842875,2022-11-21 20:48:00.455083
Portugal,0.05640244994628858,2022-11-21 20:48:00.469663
Belgium,0.04222111381007098,2022-11-21 20:48:00.483459
Denmark,0.028918419259123473,2022-11-21 20:48:00.496991
Uruguay,0.02148073682757209,2022-11-21 20:48:00.510917
Croatia,0.014333358982603864,2022-11-21 20:48:00.526208
Serbia,0.009459814997424085,2022-11-21 20:48:00.539364
Switzerland,0.00783139630382401,2022-11-21 20:48:00.554326
USA,0.00669247971528621,2022-11-21 20:48:00.569685
Ecuador,0.007671672849746867,2022-11-21 20:48:00.583472
Mexico,0.006129542090693621,2022-11-21 20:48:00.600430
Wales,0.004679800747312322,2022-11-21 20:48:00.621384
Senegal,0.004603962009942659,2022-11-21 20:48:00.642960
Poland,0.005090226015289169,2022-11-21 20:48:00.660113
Morocco,0.0031365983947514156,2022-11-21 20:48:00.676516
Australia,0.002187248934043664,2022-11-21 20:48:00.691613
Japan,0.0030105707319777394,2022-11-21 20:48:00.709565
Canada,0.0027293261387486135,2022-11-21 20:48:00.724772
Cameroon,0.0025781237810112204,2022-11-21 20:48:00.740560
Ghana,0.002474626255547424,2022-11-21 20:48:00.760832
South Korea,0.002875820065415789,2022-11-21 20:48:00.777178
Iran,0.0012972846215321345,2022-11-21 20:48:00.795368
Tunisia,0.0016287063507689403,2022-11-21 20:48:00.817365
Saudi Arabia,0.0013231107363996066,2022-11-21 20:48:00.835856
Costa Rica,0.0013359766203526787,2022-11-21 20:48:00.854097
Qatar,0.0010556775035138566,2022-11-21 20:48:00.871102
Brazil,0.2005100549329836,2022-11-21 20:55:47.574889
Argentina,0.14033324946557896,2022-11-21 20:55:47.586977
England,0.10163354479521376,2022-11-21 20:55:47.599218
France,0.09376521312796687,2022-11-21 20:55:47.611656
Spain,0.08193845423348392,2022-11-21 20:55:47.624062
Germany,0.07235969527359933,2022-11-21 20:55:47.640568
Netherlands,0.06859926196990558,2022-11-21 20:55:47.653377
Portugal,0.056417783729319444,2022-11-21 20:55:47.668629
Belgium,0.04223259220150791,2022-11-21 20:55:47.682500
Denmark,0.028926281129785777,2022-11-21 20:55:47.696758
Uruguay,0.021486576661802176,2022-11-21 20:55:47.724178
Croatia,0.014417837039867286,2022-11-21 20:55:47.740666
Serbia,0.009462386778451693,2022-11-21 20:55:47.757394
Switzerland,0.0078335253767963,2022-11-21 20:55:47.773207
Ecuador,0.007673758499697778,2022-11-21 20:55:47.808830
USA,0.006109819372955802,2022-11-21 20:55:47.824406
Mexico,0.0061312084911529395,2022-11-21 20:55:47.841480
Wales,0.004831894558828818,2022-11-21 20:55:47.860445
Senegal,0.004605213660440288,2022-11-21 20:55:47.876435
Poland,0.005091609863355535,2022-11-21 20:55:47.891399
Morocco,0.003137451122235521,2022-11-21 20:55:47.906483
Australia,0.002187843567798422,2022-11-21 20:55:47.941761
Japan,0.003011389197105534,2022-11-21 20:55:47.962916
Canada,0.002730068143659249,2022-11-21 20:55:47.984892
Cameroon,0.002578824679477907,2022-11-21 20:55:48.003684
Ghana,0.002475299016786008,2022-11-21 20:55:48.023596
South Korea,0.0028766018967185227,2022-11-21 20:55:48.043391
Iran,0.0012976373062281855,2022-11-21 20:55:48.059888
Tunisia,0.0016291491370278256,2022-11-21 20:55:48.079190
Saudi Arabia,0.0013234704422807708,2022-11-21 20:55:48.097297
Costa Rica,0.001336339824001639,2022-11-21 20:55:48.118399
Qatar,0.0010559645039864398,2022-11-21 20:55:48.136596
Brazil,0.2006516151557248,2022-11-21 21:07:37.551505
Argentina,0.14045600956793017,2022-11-21 21:07:37.566581
England,0.10170529814067067,2022-11-21 21:07:37.578724
France,0.09383141142640238,2022-11-21 21:07:37.591006
Spain,0.08199630283282842,2022-11-21 21:07:37.605070
Germany,0.0724107812631964,2022-11-21 21:07:37.619006
Netherlands,0.06874850206601342,2022-11-21 21:07:37.632927
Portugal,0.05645761471951072,2022-11-21 21:07:37.646261
Belgium,0.04226240843771103,2022-11-21 21:07:37.659038
Denmark,0.028946703102146094,2022-11-21 21:07:37.671622
Uruguay,0.021501746198208754,2022-11-21 21:07:37.684279
Croatia,0.014487242464185696,2022-11-21 21:07:37.697322
Serbia,0.00946906722936708,2022-11-21 21:07:37.710443
Switzerland,0.007584626275248194,2022-11-21 21:07:37.724389
Ecuador,0.007551961390289136,2022-11-21 21:07:37.740275
Mexico,0.006135537128138104,2022-11-21 21:07:37.755159
USA,0.0058624384793285736,2022-11-21 21:07:37.769135
Wales,0.004589639272906211,2022-11-21 21:07:37.783959
Senegal,0.0046084649441315755,2022-11-21 21:07:37.798539
Poland,0.005099664664277132,2022-11-21 21:07:37.813175
Morocco,0.0031396661646674413,2022-11-21 21:07:37.828995
Australia,0.0021893881867098472,2022-11-21 21:07:37.849642
Japan,0.003013515239740379,2022-11-21 21:07:37.865291
Canada,0.002732625288719833,2022-11-21 21:07:37.882385
Cameroon,0.0025047500977260152,2022-11-21 21:07:37.900665
Ghana,0.0024778273249861133,2022-11-21 21:07:37.922127
South Korea,0.00287666737373928,2022-11-21 21:07:37.944696
Iran,0.0013243361309282658,2022-11-21 21:07:37.961338
Tunisia,0.0016560820092853964,2022-11-21 21:07:37.997869
Saudi Arabia,0.0013244048132312115,2022-11-21 21:07:38.015843
Costa Rica,0.0013372832807435307,2022-11-21 21:07:38.043738
Qatar,0.0010664193313077832,2022-11-21 21:07:38.067543
Brazil,0.20014972331088987,2022-11-22 09:59:05.626974
Argentina,0.14239646747120158,2022-11-22 09:59:05.641580
England,0.10120004428760891,2022-11-22 09:59:05.654372
France,0.0938228149680679,2022-11-22 09:59:05.667381
Spain,0.08182588765173103,2022-11-22 09:59:05.679738
Germany,0.07155570657327918,2022-11-22 09:59:05.692560
Netherlands,0.06762625798804496,2022-11-22 09:59:05.706911
Portugal,0.055800526610727146,2022-11-22 09:59:05.726174
Belgium,0.04225431480762698,2022-11-22 09:59:05.741162
Denmark,0.02948240921666739,2022-11-22 09:59:05.754195
Uruguay,0.021433519260638745,2022-11-22 09:59:05.768922
Croatia,0.014795236609423314,2022-11-22 09:59:05.783147
Serbia,0.009581775713540597,2022-11-22 09:59:05.797801
Switzerland,0.007847539527904691,2022-11-22 09:59:05.823221
Ecuador,0.007451402426026115,2022-11-22 09:59:05.850206
Mexico,0.006227385745363933,2022-11-22 09:59:05.865855
USA,0.00561243874811212,2022-11-22 09:59:05.885444
Senegal,0.004990885883980347,2022-11-22 09:59:05.900733
Wales,0.004546164255421826,2022-11-22 09:59:05.915446
Poland,0.005052074353174971,2022-11-22 09:59:05.930138
Morocco,0.0032667481451398323,2022-11-22 09:59:05.945017
Japan,0.003063899280252973,2022-11-22 09:59:05.960068
Australia,0.0022966906570067295,2022-11-22 09:59:05.975401
Canada,0.0029199694687444596,2022-11-22 09:59:05.990894
Ghana,0.0025339669580404273,2022-11-22 09:59:06.006577
South Korea,0.002943231261914333,2022-11-22 09:59:06.022636
Cameroon,0.00256036171120717,2022-11-22 09:59:06.038741
Iran,0.001368243842775504,2022-11-22 09:59:06.054689
Tunisia,0.001659840176782352,2022-11-22 09:59:06.071011
Saudi Arabia,0.0013230837124945688,2022-11-22 09:59:06.087520
Costa Rica,0.001334377509037261,2022-11-22 09:59:06.104491
Qatar,0.001077011867173021,2022-11-22 09:59:06.121555
Brazil,0.19945202215320923,2022-11-22 10:11:50.955195
Argentina,0.14407353827181635,2022-11-22 10:11:50.974354
England,0.10095329896998002,2022-11-22 10:11:50.989125
France,0.09374809832159783,2022-11-22 10:11:51.003298
Spain,0.08165990205053937,2022-11-22 10:11:51.017711
Germany,0.07137298299466185,2022-11-22 10:11:51.034072
Netherlands,0.06716334632486105,2022-11-22 10:11:51.049315
Portugal,0.055838841650566066,2022-11-22 10:11:51.065906
Belgium,0.04239608814109884,2022-11-22 10:11:51.082128
Denmark,0.02942663594628839,2022-11-22 10:11:51.097585
Uruguay,0.021449983823386833,2022-11-22 10:11:51.130975
Croatia,0.014695244796660607,2022-11-22 10:11:51.193539
Serbia,0.009586528104198976,2022-11-22 10:11:51.218431
Switzerland,0.007888623793579129,2022-11-22 10:11:51.251205
Ecuador,0.007447663977190047,2022-11-22 10:11:51.268153
Mexico,0.006230090524467086,2022-11-22 10:11:51.285068
USA,0.005605041796613205,2022-11-22 10:11:51.302053
Senegal,0.0049691024105678,2022-11-22 10:11:51.319230
Wales,0.004486451518446809,2022-11-22 10:11:51.336690
Poland,0.005029022211491329,2022-11-22 10:11:51.354359
Morocco,0.0032624133011009836,2022-11-22 10:11:51.372251
Japan,0.0030510624636444707,2022-11-22 10:11:51.390359
Australia,0.0022984750553908255,2022-11-22 10:11:51.408740
Canada,0.0029738032464094247,2022-11-22 10:11:51.427512
Ghana,0.002558088341554808,2022-11-22 10:11:51.446234
South Korea,0.0029283181660782927,2022-11-22 10:11:51.465178
Cameroon,0.002583149313818243,2022-11-22 10:11:51.484190
Iran,0.0014111909955254517,2022-11-22 10:11:51.503501
Tunisia,0.001691676494334905,2022-11-22 10:11:51.523436
Saudi Arabia,0.0013493410608553778,2022-11-22 10:11:51.543616
Costa Rica,0.00136110821251626,2022-11-22 10:11:51.564156
Qatar,0.001058865567550382,2022-11-22 10:11:51.584417
Brazil,0.20061625863077054,2022-11-22 10:31:17.025512
Argentina,0.1483381143823315,2022-11-22 10:31:17.039189
England,0.1014921776339435,2022-11-22 10:31:17.056268
France,0.0934393543153255,2022-11-22 10:31:17.070507
Spain,0.08115589945423357,2022-11-22 10:31:17.086710
Germany,0.07105008163039128,2022-11-22 10:31:17.100657
Netherlands,0.064774149089658,2022-11-22 10:31:17.115227
Portugal,0.05592183951432888,2022-11-22 10:31:17.130820
Belgium,0.04173325976938568,2022-11-22 10:31:17.145727
Denmark,0.02941105380054417,2022-11-22 10:31:17.160234
Uruguay,0.021576451805120578,2022-11-22 10:31:17.174779
Croatia,0.014557033227229808,2022-11-22 10:31:17.190100
Serbia,0.0094107272133034,2022-11-22 10:31:17.205889
Switzerland,0.007685231461487931,2022-11-22 10:31:17.221541
Ecuador,0.0071935474435812,2022-11-22 10:31:17.237768
Mexico,0.006013672303522274,2022-11-22 10:31:17.254879
Senegal,0.004685720630154871,2022-11-22 10:31:17.271379
USA,0.005515926336454005,2022-11-22 10:31:17.299469
Wales,0.004523523291304839,2022-11-22 10:31:17.316361
Poland,0.004972624851181762,2022-11-22 10:31:17.332534
Morocco,0.0031751266684075536,2022-11-22 10:31:17.351507
Japan,0.0030303352960376266,2022-11-22 10:31:17.368188
Australia,0.002298743307739296,2022-11-22 10:31:17.384697
Canada,0.002751500364909795,2022-11-22 10:31:17.400936
Ghana,0.002502889819980607,2022-11-22 10:31:17.418283
South Korea,0.0028978289189044415,2022-11-22 10:31:17.434878
Cameroon,0.0024582881787172293,2022-11-22 10:31:17.451776
Iran,0.0013555379990613946,2022-11-22 10:31:17.469888
Tunisia,0.0016734413937731741,2022-11-22 10:31:17.486492
Saudi Arabia,0.0013523173958517182,2022-11-22 10:31:17.504119
Costa Rica,0.0013651919943552557,2022-11-22 10:31:17.522507
Qatar,0.0010721518780083944,2022-11-22 10:31:17.540721
Brazil,0.20049468245596463,2022-11-22 10:33:39.026488
Argentina,0.14871834648816137,2022-11-22 10:33:39.040934
England,0.10143067199719366,2022-11-22 10:33:39.053339
France,0.09356670628410495,2022-11-22 10:33:39.065520
Spain,0.08110671787799484,2022-11-22 10:33:39.077170
Germany,0.07100702431687529,2022-11-22 10:33:39.088970
Netherlands,0.06473489507641714,2022-11-22 10:33:39.100836
Portugal,0.055887950120803824,2022-11-22 10:33:39.112857
Belgium,0.04170796884770479,2022-11-22 10:33:39.124966
Denmark,0.02939323030287511,2022-11-22 10:33:39.137157
Uruguay,0.02156337618256509,2022-11-22 10:33:39.149577
Croatia,0.014548211467575988,2022-11-22 10:33:39.162239
Serbia,0.00936978064944574,2022-11-22 10:33:39.175059
Switzerland,0.007680574106944673,2022-11-22 10:33:39.188184
Ecuador,0.007189188056224241,2022-11-22 10:33:39.201360
Mexico,0.006001636618538864,2022-11-22 10:33:39.214755
Senegal,0.004682881019874471,2022-11-22 10:33:39.228294
USA,0.005508127531052732,2022-11-22 10:33:39.242037
Wales,0.004520781974812568,2022-11-22 10:33:39.255862
Poland,0.004969611373050541,2022-11-22 10:33:39.270148
Morocco,0.0031732024985645715,2022-11-22 10:33:39.284314
Japan,0.003028498871730913,2022-11-22 10:33:39.298665
Australia,0.0022973502381041476,2022-11-22 10:33:39.313255
Canada,0.002749832918354736,2022-11-22 10:33:39.328225
Ghana,0.0025013730347890643,2022-11-22 10:33:39.343388
South Korea,0.0028960727952601923,2022-11-22 10:33:39.358708
Cameroon,0.0024567984227254723,2022-11-22 10:33:39.374115
Iran,0.0013547165246412518,2022-11-22 10:33:39.389502
Tunisia,0.0016724272655823417,2022-11-22 10:33:39.405117
Saudi Arabia,0.0013514978731608194,2022-11-22 10:33:39.420938
Costa Rica,0.001364364669482974,2022-11-22 10:33:39.436833
Qatar,0.0010715021394227542,2022-11-22 10:33:39.452989
Brazil,0.20050003605363478,2022-11-22 10:38:37.869328
Argentina,0.14883519593943498,2022-11-22 10:38:37.884053
England,0.10143811875043171,2022-11-22 10:38:37.910307
France,0.09357357568720832,2022-11-22 10:38:37.933759
Spain,0.08111267250396836,2022-11-22 10:38:37.953893
Germany,0.07101223745189496,2022-11-22 10:38:37.969113
Netherlands,0.06473964772943652,2022-11-22 10:38:37.985967
Portugal,0.055892053256131,2022-11-22 10:38:38.003132
Belgium,0.04171103092888748,2022-11-22 10:38:38.019387
Denmark,0.029395388270762192,2022-11-22 10:38:38.034838
Uruguay,0.021564959304694216,2022-11-22 10:38:38.055636
Croatia,0.014549279556140533,2022-11-22 10:38:38.071447
Serbia,0.009286101812505373,2022-11-22 10:38:38.091237
Switzerland,0.007681137992985994,2022-11-22 10:38:38.107584
Ecuador,0.007189715866090652,2022-11-22 10:38:38.124066
Mexico,0.005959449787566742,2022-11-22 10:38:38.140402
Senegal,0.0046832248237625015,2022-11-22 10:38:38.156880
USA,0.005508531922207004,2022-11-22 10:38:38.174055
Wales,0.0045211138778468935,2022-11-22 10:38:38.191367
Poland,0.00496997622787064,2022-11-22 10:38:38.208730
Morocco,0.003173435466122766,2022-11-22 10:38:38.226386
Japan,0.0030287212155578383,2022-11-22 10:38:38.244548
Australia,0.0022975189030650287,2022-11-22 10:38:38.262477
Canada,0.002750034803315031,2022-11-22 10:38:38.280863
Ghana,0.0025015566785269953,2022-11-22 10:38:38.299532
South Korea,0.002896285416738894,2022-11-22 10:38:38.318006
Cameroon,0.0024569787939213786,2022-11-22 10:38:38.337165
Iran,0.0013462184251094012,2022-11-22 10:38:38.355954
Tunisia,0.0016639524914750623,2022-11-22 10:38:38.374448
Saudi Arabia,0.001342999537324675,2022-11-22 10:38:38.394635
Costa Rica,0.0013558672782906468,2022-11-22 10:38:38.414855
Qatar,0.0010629832470912637,2022-11-22 10:38:38.434978
Brazil,0.20081404861712512,2022-11-22 10:55:15.171601
Argentina,0.14867059889414774,2022-11-22 10:55:15.182938
England,0.1012674400829665,2022-11-22 10:55:15.194773
France,0.09369149777980876,2022-11-22 10:55:15.206489
Spain,0.0811416053238791,2022-11-22 10:55:15.218239
Germany,0.07098964080827304,2022-11-22 10:55:15.232276
Netherlands,0.06486476644855699,2022-11-22 10:55:15.245307
Portugal,0.05596022265344175,2022-11-22 10:55:15.258816
Belgium,0.04150348047124959,2022-11-22 10:55:15.272273
Denmark,0.029205272938735344,2022-11-22 10:55:15.286332
Uruguay,0.021496575900888718,2022-11-22 10:55:15.299174
Croatia,0.014571884564336966,2022-11-22 10:55:15.324302
Serbia,0.009338613041290755,2022-11-22 10:55:15.338305
Switzerland,0.007696582841827192,2022-11-22 10:55:15.359698
Ecuador,0.007187428042850623,2022-11-22 10:55:15.376607
Mexico,0.005989234179465878,2022-11-22 10:55:15.393245
Senegal,0.0046817345853734415,2022-11-22 10:55:15.408209
USA,0.005546549163831744,2022-11-22 10:55:15.423352
Wales,0.004509237236071724,2022-11-22 10:55:15.437968
Poland,0.00497321129181677,2022-11-22 10:55:15.452588
Morocco,0.0031724256543937145,2022-11-22 10:55:15.467615
Japan,0.0030277574530234662,2022-11-22 10:55:15.482585
Australia,0.00230044254348905,2022-11-22 10:55:15.497720
Canada,0.002749159720954185,2022-11-22 10:55:15.512823
Ghana,0.0025007606638287826,2022-11-22 10:55:15.528273
South Korea,0.002895363796300815,2022-11-22 10:55:15.543934
Cameroon,0.002458421482945242,2022-11-22 10:55:15.559744
Iran,0.001350087459576273,2022-11-22 10:55:15.575588
Tunisia,0.0016688342742655678,2022-11-22 10:55:15.591511
Saudi Arabia,0.0013481446132748898,2022-11-22 10:55:15.607616
Costa Rica,0.0013610082596260844,2022-11-22 10:55:15.623915
Qatar,0.0010679692123836645,2022-11-22 10:55:15.640560
Brazil,0.20074432096662856,2022-11-22 11:04:36.166324
Argentina,0.148547717661816,2022-11-22 11:04:36.188645
England,0.10145920516650625,2022-11-22 11:04:36.203754
France,0.0935930272639413,2022-11-22 11:04:36.220151
Spain,0.0811295337744888,2022-11-22 11:04:36.235171
Germany,0.07102699909775097,2022-11-22 11:04:36.251409
Netherlands,0.06475310546273597,2022-11-22 11:04:36.267157
Portugal,0.055903671798595476,2022-11-22 11:04:36.283075
Belgium,0.04173852110668955,2022-11-22 11:04:36.303068
Denmark,0.028923182492424447,2022-11-22 11:04:36.321475
Uruguay,0.02147121821619015,2022-11-22 11:04:36.337912
Croatia,0.014552303982915049,2022-11-22 11:04:36.356140
Serbia,0.009372416435371518,2022-11-22 11:04:36.375469
Switzerland,0.007770443454526734,2022-11-22 11:04:36.396005
Ecuador,0.007226366302106965,2022-11-22 11:04:36.424644
Mexico,0.006081056525065931,2022-11-22 11:04:36.441647
Senegal,0.004724145306522352,2022-11-22 11:04:36.460182
USA,0.005567363527933283,2022-11-22 11:04:36.477862
Wales,0.004519464030241136,2022-11-22 11:04:36.495451
Poland,0.004971009360068993,2022-11-22 11:04:36.514491
Morocco,0.003174095142992257,2022-11-22 11:04:36.533179
Japan,0.0030293508099993732,2022-11-22 11:04:36.551074
Australia,0.0022979964990627257,2022-11-22 11:04:36.569782
Canada,0.002750606465908901,2022-11-22 11:04:36.588266
Ghana,0.002502076688811169,2022-11-22 11:04:36.607062
South Korea,0.0028968874811316513,2022-11-22 11:04:36.629241
Cameroon,0.0024574895375922305,2022-11-22 11:04:36.650447
Iran,0.0013550976160331065,2022-11-22 11:04:36.677532
Tunisia,0.0016728977312648835,2022-11-22 11:04:36.697045
Saudi Arabia,0.0013518780591231245,2022-11-22 11:04:36.717795
Costa Rica,0.0013647484749665809,2022-11-22 11:04:36.739972
Qatar,0.0010718035605940916,2022-11-22 11:04:36.761700
Brazil,0.20158457437318814,2022-11-22 11:14:47.353831
Argentina,0.1485685802938264,2022-11-22 11:14:47.368084
England,0.10155903294593728,2022-11-22 11:14:47.381877
France,0.09362775084012534,2022-11-22 11:14:47.396150
Spain,0.0807872717648597,2022-11-22 11:14:47.410756
Germany,0.07129591947533885,2022-11-22 11:14:47.422644
Netherlands,0.0646980854259248,2022-11-22 11:14:47.437482
Portugal,0.05611608304583336,2022-11-22 11:14:47.452023
Belgium,0.041494723192372476,2022-11-22 11:14:47.466500
Denmark,0.028848072888406805,2022-11-22 11:14:47.481144
Uruguay,0.02138040018358929,2022-11-22 11:14:47.495917
Croatia,0.014504055483586515,2022-11-22 11:14:47.511048
Serbia,0.009308502543679988,2022-11-22 11:14:47.523831
Switzerland,0.007767882434697535,2022-11-22 11:14:47.539660
Ecuador,0.007246689235253695,2022-11-22 11:14:47.554953
Mexico,0.005968848385192141,2022-11-22 11:14:47.570488
Senegal,0.00476517658966236,2022-11-22 11:14:47.591462
USA,0.005423061931523875,2022-11-22 11:14:47.610723
Wales,0.004482744585551608,2022-11-22 11:14:47.627077
Poland,0.004839768862385175,2022-11-22 11:14:47.641068
Morocco,0.0031755090775147377,2022-11-22 11:14:47.657681
Japan,0.003023291149663641,2022-11-22 11:14:47.677703
Australia,0.0022541747674615356,2022-11-22 11:14:47.705640
Canada,0.002730816193594117,2022-11-22 11:14:47.722985
Ghana,0.0024696127892804595,2022-11-22 11:14:47.740009
South Korea,0.0028839883319326395,2022-11-22 11:14:47.757226
Cameroon,0.002422678817270166,2022-11-22 11:14:47.774372
Iran,0.0013391444655802135,2022-11-22 11:14:47.804732
Tunisia,0.001653054493514911,2022-11-22 11:14:47.843688
Saudi Arabia,0.0013357586730500131,2022-11-22 11:14:47.864011
Costa Rica,0.001349293628027278,2022-11-22 11:14:47.881925
Qatar,0.0010954531321749029,2022-11-22 11:14:47.899819
Brazil,0.20593499216399652,2022-11-22 11:24:00.254118
Argentina,0.13530443964604078,2022-11-22 11:24:00.284720
England,0.10392169878950956,2022-11-22 11:24:00.300771
France,0.094320374533577,2022-11-22 11:24:00.333072
Spain,0.08153375684330255,2022-11-22 11:24:00.368998
Germany,0.07213457341436698,2022-11-22 11:24:00.401092
Netherlands,0.0657033999629545,2022-11-22 11:24:00.425881
Portugal,0.05672829391799707,2022-11-22 11:24:00.451476
Belgium,0.04180168590565319,2022-11-22 11:24:00.487222
Denmark,0.029270580136992082,2022-11-22 11:24:00.508164
Uruguay,0.021538564527063892,2022-11-22 11:24:00.533504
Croatia,0.014618956255255448,2022-11-22 11:24:00.550043
Serbia,0.00937736342471639,2022-11-22 11:24:00.565494
Switzerland,0.007825346374330192,2022-11-22 11:24:00.581353
Ecuador,0.007300297579130164,2022-11-22 11:24:00.596722
Mexico,0.006013003732053608,2022-11-22 11:24:00.626626
USA,0.005484232373835507,2022-11-22 11:24:00.643413
Senegal,0.004813850609090437,2022-11-22 11:24:00.661476
Wales,0.004501080532587605,2022-11-22 11:24:00.678076
Poland,0.004875571693862368,2022-11-22 11:24:00.694676
Morocco,0.0031990003267023124,2022-11-22 11:24:00.711123
Japan,0.003045656346559542,2022-11-22 11:24:00.727848
Australia,0.0022708503240044964,2022-11-22 11:24:00.744894
Canada,0.0027510177682466413,2022-11-22 11:24:00.776901
Ghana,0.002487882077137515,2022-11-22 11:24:00.795012
South Korea,0.002905323017775361,2022-11-22 11:24:00.812547
Cameroon,0.0024406009048500554,2022-11-22 11:24:00.830380
Iran,0.001349050964214356,2022-11-22 11:24:00.847933
Tunisia,0.0016652831831769133,2022-11-22 11:24:00.867261
Saudi Arabia,0.002420440572702832,2022-11-22 11:24:00.902076
Costa Rica,0.001359275206435488,2022-11-22 11:24:00.927422
Qatar,0.0011035568918786446,2022-11-22 11:24:00.946576
Brazil,0.20148320401011105,2022-11-22 11:29:02.160987
Argentina,0.13217332433157153,2022-11-22 11:29:02.174115
England,0.10182634384695476,2022-11-22 11:29:02.185906
France,0.09246959815914693,2022-11-22 11:29:02.203224
Spain,0.08070832697928289,2022-11-22 11:29:02.236084
Germany,0.07035360763335725,2022-11-22 11:29:02.248321
Netherlands,0.0646836062426799,2022-11-22 11:29:02.261408
Portugal,0.05541666524653171,2022-11-22 11:29:02.274270
Belgium,0.04117251137524845,2022-11-22 11:29:02.287436
Denmark,0.028824385528769567,2022-11-22 11:29:02.300796
Uruguay,0.021216223269526636,2022-11-22 11:29:02.340702
Croatia,0.014381841917528854,2022-11-22 11:29:02.367337
Serbia,0.00921682133123102,2022-11-22 11:29:02.396973
Switzerland,0.0076855588719965,2022-11-22 11:29:02.418687
Ecuador,0.00713843720691189,2022-11-22 11:29:02.452948
Mexico,0.005990052555476604,2022-11-22 11:29:02.483217
USA,0.0054671420568042535,2022-11-22 11:29:02.507622
Senegal,0.004672580294595229,2022-11-22 11:29:02.532512
Wales,0.004448356409796053,2022-11-22 11:29:02.593500
Poland,0.004923447704286128,2022-11-22 11:29:02.647569
Morocco,0.003131051721907421,2022-11-22 11:29:02.679043
Japan,0.002988270244781795,2022-11-22 11:29:02.701318
Australia,0.002270440783053437,2022-11-22 11:29:02.727277
Canada,0.00271392669774107,2022-11-22 11:29:02.750634
Ghana,0.0024713629661419294,2022-11-22 11:29:02.778384
South Korea,0.002858494907442677,2022-11-22 11:29:02.815514
Cameroon,0.0024270414219997034,2022-11-22 11:29:02.835153
Saudi Arabia,0.021510527133235233,2022-11-22 11:29:02.855052
Iran,0.001332479977640254,2022-11-22 11:29:02.873111
Tunisia,0.0016470697810618742,2022-11-22 11:29:02.891594
Costa Rica,0.0013432583515174202,2022-11-22 11:29:02.910113
Qatar,0.001054041041670064,2022-11-22 11:29:02.928469
Brazil,0.20233797705205697,2022-11-22 11:36:48.893406
Argentina,0.13066048139032407,2022-11-22 11:36:48.912837
England,0.1021522387050953,2022-11-22 11:36:48.927406
France,0.09235297136093858,2022-11-22 11:36:48.946546
Spain,0.08067975847209886,2022-11-22 11:36:48.961680
Germany,0.07037581694235595,2022-11-22 11:36:48.976396
Netherlands,0.06481459255281323,2022-11-22 11:36:48.994143
Portugal,0.05538846060108305,2022-11-22 11:36:49.011647
Belgium,0.041330451932548834,2022-11-22 11:36:49.028504
Denmark,0.028734724546669706,2022-11-22 11:36:49.044754
Uruguay,0.021186736437237116,2022-11-22 11:36:49.061668
Croatia,0.014379487400104498,2022-11-22 11:36:49.080577
Serbia,0.009206603979470184,2022-11-22 11:36:49.100059
Switzerland,0.007667489371766265,2022-11-22 11:36:49.116879
Ecuador,0.007140690677103813,2022-11-22 11:36:49.133492
Mexico,0.005979450181911704,2022-11-22 11:36:49.151796
USA,0.005502201057815524,2022-11-22 11:36:49.169190
Senegal,0.0046740553401980744,2022-11-22 11:36:49.186111
Wales,0.004441036152975903,2022-11-22 11:36:49.202313
Poland,0.0049200313879847945,2022-11-22 11:36:49.223490
Morocco,0.0031320401359706362,2022-11-22 11:36:49.241235
Japan,0.002990775422037991,2022-11-22 11:36:49.259094
Australia,0.0022675493150464848,2022-11-22 11:36:49.276561
Canada,0.002714783433289644,2022-11-22 11:36:49.294738
Ghana,0.002472143128888508,2022-11-22 11:36:49.314347
South Korea,0.00286128379369857,2022-11-22 11:36:49.335178
Cameroon,0.0024256571839911412,2022-11-22 11:36:49.354282
Saudi Arabia,0.021835337714674802,2022-11-22 11:36:49.373802
Iran,0.0013329006164753256,2022-11-22 11:36:49.391940
Tunisia,0.0016464900557583834,2022-11-22 11:36:49.409028
Costa Rica,0.001342423606859835,2022-11-22 11:36:49.431285
Qatar,0.0010533600507566729,2022-11-22 11:36:49.456305
Brazil,0.20717319952928198,2022-11-22 11:43:09.285206
Argentina,0.12845038764335184,2022-11-22 11:43:09.296690
England,0.10513967345482797,2022-11-22 11:43:09.308541
France,0.0951632119358308,2022-11-22 11:43:09.320372
Spain,0.08248191428128437,2022-11-22 11:43:09.332223
Germany,0.07201993499304594,2022-11-22 11:43:09.344017
Netherlands,0.06656514901873317,2022-11-22 11:43:09.356017
Portugal,0.05658777330075202,2022-11-22 11:43:09.368174
Belgium,0.04222537003187572,2022-11-22 11:43:09.380887
Denmark,0.029356910462225497,2022-11-22 11:43:09.393457
Uruguay,0.021769402198437197,2022-11-22 11:43:09.408068
Croatia,0.01478022376943578,2022-11-22 11:43:09.422871
Serbia,0.009419363471425352,2022-11-22 11:43:09.437832
Switzerland,0.007854451105726693,2022-11-22 11:43:09.454076
Ecuador,0.007295306294156925,2022-11-22 11:43:09.469044
Mexico,0.006108921744442626,2022-11-22 11:43:09.485674
USA,0.005629559734538052,2022-11-22 11:43:09.502039
Senegal,0.004775261509635207,2022-11-22 11:43:09.516680
Wales,0.004556448596510616,2022-11-22 11:43:09.531475
Poland,0.005095096695368109,2022-11-22 11:43:09.546674
Morocco,0.0031998574298650446,2022-11-22 11:43:09.562086
Japan,0.003055533945863762,2022-11-22 11:43:09.577290
Australia,0.0023302154238975304,2022-11-22 11:43:09.593501
Canada,0.002773565970537692,2022-11-22 11:43:09.620511
Ghana,0.002525671835368164,2022-11-22 11:43:09.636315
South Korea,0.002923238467179288,2022-11-22 11:43:09.652016
Cameroon,0.002478179341751687,2022-11-22 11:43:09.667530
Saudi Arabia,0.002771170949208611,2022-11-22 11:43:09.683236
Iran,0.0013617615853375692,2022-11-22 11:43:09.699260
Tunisia,0.0016832645847275674,2022-11-22 11:43:09.715285
Costa Rica,0.001372776816894237,2022-11-22 11:43:09.731587
Qatar,0.00107720387848335,2022-11-22 11:43:09.748169
Brazil,0.20707804317324172,2022-11-22 11:45:46.454558
Argentina,0.1286706325241094,2022-11-22 11:45:46.466971
England,0.10508618723201286,2022-11-22 11:45:46.479541
France,0.09499662260943233,2022-11-22 11:45:46.492402
Spain,0.08247380690082065,2022-11-22 11:45:46.505008
Germany,0.07206109668025486,2022-11-22 11:45:46.517240
Netherlands,0.06644211877612524,2022-11-22 11:45:46.529558
Portugal,0.05662011501592685,2022-11-22 11:45:46.541677
Belgium,0.042249503176035055,2022-11-22 11:45:46.555696
Denmark,0.029373688871786447,2022-11-22 11:45:46.573893
Uruguay,0.021743077295854514,2022-11-22 11:45:46.596374
Croatia,0.014810539734703684,2022-11-22 11:45:46.614352
Serbia,0.009411328109983592,2022-11-22 11:45:46.627662
Switzerland,0.007837988732698479,2022-11-22 11:45:46.642135
Ecuador,0.0072994757941127674,2022-11-22 11:45:46.657127
Mexico,0.006112413187833303,2022-11-22 11:45:46.673163
USA,0.005624551636811109,2022-11-22 11:45:46.687423
Senegal,0.0047779907237148825,2022-11-22 11:45:46.701814
Wales,0.004559052752039654,2022-11-22 11:45:46.716225
Poland,0.005092468105117058,2022-11-22 11:45:46.731655
Morocco,0.0032016862503250177,2022-11-22 11:45:46.746553
Japan,0.0030572802808548722,2022-11-22 11:45:46.761575
Australia,0.0023274726451148393,2022-11-22 11:45:46.776578
Canada,0.0027751511518481664,2022-11-22 11:45:46.791693
Saudi Arabia,0.002891388152102687,2022-11-22 11:45:46.806901
Ghana,0.0025271153372831523,2022-11-22 11:45:46.822177
South Korea,0.002924909191089754,2022-11-22 11:45:46.837967
Cameroon,0.002479595700193591,2022-11-22 11:45:46.853994
Iran,0.0013625398754656315,2022-11-22 11:45:46.870727
Tunisia,0.0016831024967644,2022-11-22 11:45:46.887008
Costa Rica,0.001372274625357849,2022-11-22 11:45:46.903480
Qatar,0.0010767832609859381,2022-11-22 11:45:46.920473
Brazil,0.20989216162779614,2022-11-22 11:54:26.465841
Argentina,0.12304811265418346,2022-11-22 11:54:26.478413
England,0.10683430896501564,2022-11-22 11:54:26.492865
France,0.09505856527232842,2022-11-22 11:54:26.508028
Spain,0.08224395079710708,2022-11-22 11:54:26.521642
Germany,0.07210808420567394,2022-11-22 11:54:26.535142
Netherlands,0.06696015352649184,2022-11-22 11:54:26.573540
Portugal,0.05665703423053923,2022-11-22 11:54:26.589183
Belgium,0.04212878918084171,2022-11-22 11:54:26.602412
Denmark,0.029548576988417497,2022-11-22 11:54:26.615930
Uruguay,0.021777942733188588,2022-11-22 11:54:26.631179
Croatia,0.014834116377754796,2022-11-22 11:54:26.645851
Serbia,0.009417464777883019,2022-11-22 11:54:26.663103
Switzerland,0.007843099502750263,2022-11-22 11:54:26.677398
Ecuador,0.007304235426150338,2022-11-22 11:54:26.694260
Mexico,0.0062765685297263615,2022-11-22 11:54:26.709112
USA,0.005640033172922451,2022-11-22 11:54:26.724137
Senegal,0.004787629783093956,2022-11-22 11:54:26.739246
Poland,0.005240412738194845,2022-11-22 11:54:26.755402
Wales,0.004572240904036516,2022-11-22 11:54:26.771302
Morocco,0.0032059412109795116,2022-11-22 11:54:26.787073
Japan,0.0030592737841670316,2022-11-22 11:54:26.802843
Australia,0.0023309044680046003,2022-11-22 11:54:26.818659
Canada,0.0028292018123037294,2022-11-22 11:54:26.834611
Saudi Arabia,0.0029145327797496317,2022-11-22 11:54:26.850568
Ghana,0.0025287631459013646,2022-11-22 11:54:26.866938
South Korea,0.0029268163816724155,2022-11-22 11:54:26.883375
Cameroon,0.0025328019385897596,2022-11-22 11:54:26.900417
Iran,0.0013634283212426508,2022-11-22 11:54:26.917327
Tunisia,0.0016841999657871175,2022-11-22 11:54:26.934426
Costa Rica,0.0013731694186903329,2022-11-22 11:54:26.952095
Qatar,0.0010774853788161859,2022-11-22 11:54:26.969742
Brazil,0.21479694836373206,2022-11-22 12:13:42.413486
England,0.11184512641737825,2022-11-22 12:13:42.425059
France,0.09778466237103693,2022-11-22 12:13:42.438279
Argentina,0.10676790397007041,2022-11-22 12:13:42.449991
Spain,0.08247907450759791,2022-11-22 12:13:42.461934
Germany,0.07251231106298904,2022-11-22 12:13:42.474098
Netherlands,0.0685223155560513,2022-11-22 12:13:42.489459
Portugal,0.05678084047590137,2022-11-22 12:13:42.502535
Belgium,0.04280158541555884,2022-11-22 12:13:42.515241
Denmark,0.029790256260273113,2022-11-22 12:13:42.529176
Uruguay,0.02182553162233758,2022-11-22 12:13:42.555049
Croatia,0.014866531704058708,2022-11-22 12:13:42.568543
Serbia,0.009438043704592024,2022-11-22 12:13:42.582303
Switzerland,0.007860238146073633,2022-11-22 12:13:42.595837
Ecuador,0.0073201965504067395,2022-11-22 12:13:42.609732
Mexico,0.006325408945317615,2022-11-22 12:13:42.623849
USA,0.005618457867703487,2022-11-22 12:13:42.638272
Senegal,0.00479809165205125,2022-11-22 12:13:42.652908
Poland,0.0053218055861962025,2022-11-22 12:13:42.667577
Wales,0.004582232107898627,2022-11-22 12:13:42.682418
Morocco,0.0032238542507650276,2022-11-22 12:13:42.697488
Japan,0.0030659588711274854,2022-11-22 12:13:42.712500
Australia,0.002333606046061992,2022-11-22 12:13:42.727688
Canada,0.002835665342894844,2022-11-22 12:13:42.742898
Saudi Arabia,0.0029999618899919493,2022-11-22 12:13:42.758262
Ghana,0.002530990508957122,2022-11-22 12:13:42.773645
South Korea,0.002933212024367104,2022-11-22 12:13:42.789233
Cameroon,0.002538336585832091,2022-11-22 12:13:42.805141
Iran,0.0013652613522284168,2022-11-22 12:13:42.821216
Tunisia,0.001677251257297307,2022-11-22 12:13:42.841454
Costa Rica,0.0013774604813448536,2022-11-22 12:13:42.864212
Qatar,0.0010808791019061444,2022-11-22 12:13:42.881725
Brazil,0.2143284088247548,2022-11-22 12:31:29.693011
England,0.11201816109008833,2022-11-22 12:31:29.718122
France,0.09865676590294209,2022-11-22 12:31:29.743254
Argentina,0.09960673083880713,2022-11-22 12:31:29.763714
Spain,0.08351197739035297,2022-11-22 12:31:29.790568
Germany,0.07312486171030791,2022-11-22 12:31:29.823137
Netherlands,0.07043436403692176,2022-11-22 12:31:29.836190
Portugal,0.056857133196647446,2022-11-22 12:31:29.848796
Belgium,0.04312524748338869,2022-11-22 12:31:29.861552
Denmark,0.030734729020532713,2022-11-22 12:31:29.874607
Uruguay,0.02213301688504318,2022-11-22 12:31:29.887512
Croatia,0.015070213099193127,2022-11-22 12:31:29.900489
Serbia,0.009550017831055886,2022-11-22 12:31:29.915832
Switzerland,0.008023639621509402,2022-11-22 12:31:29.929379
Ecuador,0.007477116108944566,2022-11-22 12:31:29.943715
Mexico,0.0067339425483591555,2022-11-22 12:31:29.958285
USA,0.005905925264497812,2022-11-22 12:31:29.972872
Senegal,0.004762541686562726,2022-11-22 12:31:29.987245
Poland,0.0057129636692009765,2022-11-22 12:31:30.002507
Wales,0.004575050314071257,2022-11-22 12:31:30.017678
Morocco,0.0032237110322995855,2022-11-22 12:31:30.033503
Japan,0.003027204759953225,2022-11-22 12:31:30.049762
Australia,0.00225548320961311,2022-11-22 12:31:30.066218
Canada,0.0027360861604338073,2022-11-22 12:31:30.082491
Saudi Arabia,0.0029863519739529217,2022-11-22 12:31:30.098948
Ghana,0.0024893537610084933,2022-11-22 12:31:30.115793
South Korea,0.0028544490102192627,2022-11-22 12:31:30.132471
Cameroon,0.0025667956105076837,2022-11-22 12:31:30.148873
Iran,0.001358564220432546,2022-11-22 12:31:30.165778
Tunisia,0.0016656045955749659,2022-11-22 12:31:30.184222
Costa Rica,0.0013933173026421952,2022-11-22 12:31:30.201624
Qatar,0.0011002718401804535,2022-11-22 12:31:30.220035
Brazil,0.21667934556323415,2022-11-22 13:23:15.800826
England,0.11220731608536819,2022-11-22 13:23:15.812354
France,0.10070873838050581,2022-11-22 13:23:15.823479
Argentina,0.09828644252030824,2022-11-22 13:23:15.834760
Spain,0.0822425563156051,2022-11-22 13:23:15.846307
Germany,0.07326381246678867,2022-11-22 13:23:15.859056
Netherlands,0.06998398560804173,2022-11-22 13:23:15.876778
Portugal,0.05698263466215497,2022-11-22 13:23:15.889365
Belgium,0.042672931856768966,2022-11-22 13:23:15.901729
Denmark,0.03020287454807758,2022-11-22 13:23:15.915703
Uruguay,0.021837333423755965,2022-11-22 13:23:15.929316
Croatia,0.014821845690865039,2022-11-22 13:23:15.943418
Serbia,0.009416507172533176,2022-11-22 13:23:15.957582
Switzerland,0.007850453079569913,2022-11-22 13:23:15.971477
Mexico,0.006797084293007298,2022-11-22 13:23:15.986249
Ecuador,0.00748037419315672,2022-11-22 13:23:16.000277
Poland,0.005430762223232088,2022-11-22 13:23:16.014595
USA,0.005591549128029863,2022-11-22 13:23:16.028912
Senegal,0.004800872755107995,2022-11-22 13:23:16.046768
Wales,0.004489703373019237,2022-11-22 13:23:16.064969
Morocco,0.003266106093238862,2022-11-22 13:23:16.079999
Japan,0.0031088822936459503,2022-11-22 13:23:16.095029
Australia,0.0023289763586269692,2022-11-22 13:23:16.110379
Canada,0.002828496287967575,2022-11-22 13:23:16.125981
Saudi Arabia,0.003122122456266542,2022-11-22 13:23:16.141648
Ghana,0.002527859081998082,2022-11-22 13:23:16.158423
South Korea,0.0029224672135375793,2022-11-22 13:23:16.175993
Cameroon,0.0026272231787210004,2022-11-22 13:23:16.195766
Iran,0.0013623005019913683,2022-11-22 13:23:16.211577
Tunisia,0.00167220975378427,2022-11-22 13:23:16.227489
Costa Rica,0.001398019526364268,2022-11-22 13:23:16.243694
Qatar,0.001088213914726606,2022-11-22 13:23:16.259884
Brazil,0.2166032086153398,2022-11-22 13:29:58.353523
England,0.11216788859607082,2022-11-22 13:29:58.373465
France,0.10067335126990397,2022-11-22 13:29:58.404055
Argentina,0.09832404721728133,2022-11-22 13:29:58.433374
Spain,0.08221365786564616,2022-11-22 13:29:58.468645
Germany,0.0732380689744506,2022-11-22 13:29:58.496805
Netherlands,0.06995939458367885,2022-11-22 13:29:58.514748
Portugal,0.05696261206205491,2022-11-22 13:29:58.528624
Belgium,0.04265793741057091,2022-11-22 13:29:58.578601
Denmark,0.029970022039993674,2022-11-22 13:29:58.602920
Uruguay,0.022025977910878316,2022-11-22 13:29:58.622967
Croatia,0.01481663757981906,2022-11-22 13:29:58.637141
Serbia,0.009413198393313458,2022-11-22 13:29:58.651701
Switzerland,0.007847694581589812,2022-11-22 13:29:58.674321
Mexico,0.006794695928526572,2022-11-22 13:29:58.696014
Ecuador,0.0075070300392961,2022-11-22 13:29:58.721652
Poland,0.0054340252898526726,2022-11-22 13:29:58.740231
USA,0.0055895843653825375,2022-11-22 13:29:58.764685
Senegal,0.004792669942779236,2022-11-22 13:29:58.790170
Wales,0.004493512036483545,2022-11-22 13:29:58.809913
Morocco,0.003502110581579353,2022-11-22 13:29:58.830670
Japan,0.00310778989229784,2022-11-22 13:29:58.850905
Australia,0.0023281580012002243,2022-11-22 13:29:58.872197
Canada,0.0028282163798920763,2022-11-22 13:29:58.893798
Saudi Arabia,0.0031147454920898324,2022-11-22 13:29:58.915236
Ghana,0.0025269708410136445,2022-11-22 13:29:58.938165
South Korea,0.002918725177219772,2022-11-22 13:29:58.958116
Cameroon,0.0026263000231071362,2022-11-22 13:29:58.980340
Iran,0.0013618218158384869,2022-11-22 13:29:59.004286
Tunisia,0.001714587266294477,2022-11-22 13:29:59.024858
Costa Rica,0.0013975282892343174,2022-11-22 13:29:59.045741
Qatar,0.001087831537320453,2022-11-22 13:29:59.073300
Brazil,0.2166060954110995,2022-11-22 13:34:44.416108
England,0.11216938352214897,2022-11-22 13:34:44.427320
France,0.10067469300166047,2022-11-22 13:34:44.438466
Argentina,0.09841577343362558,2022-11-22 13:34:44.454862
Spain,0.08221475357443289,2022-11-22 13:34:44.466526
Germany,0.07323904506039279,2022-11-22 13:34:44.478375
Netherlands,0.06996032697283838,2022-11-22 13:34:44.490186
Portugal,0.056963371235605534,2022-11-22 13:34:44.502154
Belgium,0.04265850593748065,2022-11-22 13:34:44.514287
Denmark,0.029849381870815123,2022-11-22 13:34:44.526657
Uruguay,0.022026271463776458,2022-11-22 13:34:44.539172
Croatia,0.014816835049684864,2022-11-22 13:34:44.551894
Serbia,0.00941332384843197,2022-11-22 13:34:44.564739
Switzerland,0.007847799172337041,2022-11-22 13:34:44.584014
Mexico,0.006794786485354055,2022-11-22 13:34:44.597279
Ecuador,0.007507130089810696,2022-11-22 13:34:44.617272
Poland,0.005445897989614362,2022-11-22 13:34:44.631046
USA,0.0055896588609938794,2022-11-22 13:34:44.644887
Senegal,0.004792733817452916,2022-11-22 13:34:44.658685
Wales,0.004493571924107445,2022-11-22 13:34:44.672823
Morocco,0.0035021572562248557,2022-11-22 13:34:44.687022
Japan,0.003107831311604324,2022-11-22 13:34:44.701458
Australia,0.0023281890299033017,2022-11-22 13:34:44.716150
Canada,0.0028289585018064765,2022-11-22 13:34:44.730966
Saudi Arabia,0.0031177221234525835,2022-11-22 13:34:44.746107
Ghana,0.002527004519409986,2022-11-22 13:34:44.761753
South Korea,0.002918764076751866,2022-11-22 13:34:44.777024
Cameroon,0.002626335025320718,2022-11-22 13:34:44.792465
Iran,0.001361839965622456,2022-11-22 13:34:44.808061
Tunisia,0.0017164665178626545,2022-11-22 13:34:44.824335
Costa Rica,0.0013975469148990302,2022-11-22 13:34:44.840310
Qatar,0.0010878460354781176,2022-11-22 13:34:44.856732
Brazil,0.21661772209089475,2022-11-22 13:37:33.397952
England,0.11217540439382652,2022-11-22 13:37:33.412477
France,0.10068009687737688,2022-11-22 13:37:33.425540
Argentina,0.09833063540987956,2022-11-22 13:37:33.438126
Spain,0.08221916658327479,2022-11-22 13:37:33.451654
Germany,0.07324297628367538,2022-11-22 13:37:33.466000
Netherlands,0.0699640822056657,2022-11-22 13:37:33.487978
Portugal,0.05696642883597527,2022-11-22 13:37:33.505645
Belgium,0.042660795701248096,2022-11-22 13:37:33.518992
Denmark,0.02985098408429134,2022-11-22 13:37:33.532583
Uruguay,0.02207889834916443,2022-11-22 13:37:33.546527
Croatia,0.014817630367085213,2022-11-22 13:37:33.560170
Serbia,0.009413829123696671,2022-11-22 13:37:33.574111
Switzerland,0.007848220415552293,2022-11-22 13:37:33.588293
Mexico,0.006778210312824183,2022-11-22 13:37:33.602602
Ecuador,0.007507533047066216,2022-11-22 13:37:33.617114
Poland,0.005451036485072934,2022-11-22 13:37:33.631789
USA,0.005589958894903905,2022-11-22 13:37:33.646732
Senegal,0.00479299107513227,2022-11-22 13:37:33.661921
Wales,0.004493813123792058,2022-11-22 13:37:33.677319
Morocco,0.0035023452401360816,2022-11-22 13:37:33.692865
Japan,0.0031079981294376315,2022-11-22 13:37:33.708630
Australia,0.0023283139991859166,2022-11-22 13:37:33.724656
Canada,0.0028291103506941644,2022-11-22 13:37:33.740920
Saudi Arabia,0.003115283641190184,2022-11-22 13:37:33.757258
Ghana,0.002527140160433073,2022-11-22 13:37:33.773839
South Korea,0.0029189207460979154,2022-11-22 13:37:33.790660
Cameroon,0.0026264759980681213,2022-11-22 13:37:33.807984
Iran,0.0013619130645681835,2022-11-22 13:37:33.825497
Tunisia,0.001716558651957702,2022-11-22 13:37:33.842791
Costa Rica,0.001397621930472565,2022-11-22 13:37:33.860581
Qatar,0.0010879044273599205,2022-11-22 13:37:33.878029
Brazil,0.21647171519644878,2022-11-22 13:41:51.097754
England,0.11210913123387438,2022-11-22 13:41:51.110457
France,0.10071780347757663,2022-11-22 13:41:51.135098
Argentina,0.0981013904512678,2022-11-22 13:41:51.149502
Spain,0.08224995921597246,2022-11-22 13:41:51.163371
Germany,0.07340078226748138,2022-11-22 13:41:51.176600
Netherlands,0.07017475671024756,2022-11-22 13:41:51.189549
Portugal,0.05691368707713781,2022-11-22 13:41:51.202869
Belgium,0.04267677297597867,2022-11-22 13:41:51.216601
Denmark,0.029787375555430262,2022-11-22 13:41:51.229440
Uruguay,0.022325901282658572,2022-11-22 13:41:51.242774
Croatia,0.014648372599715657,2022-11-22 13:41:51.256264
Serbia,0.00941735478072448,2022-11-22 13:41:51.269802
Switzerland,0.00785115972251233,2022-11-22 13:41:51.283883
Mexico,0.006780748880766234,2022-11-22 13:41:51.302088
Ecuador,0.007510344760164158,2022-11-22 13:41:51.317114
Poland,0.005453078001318864,2022-11-22 13:41:51.331260
USA,0.00559205244021942,2022-11-22 13:41:51.347270
Senegal,0.004794786140928155,2022-11-22 13:41:51.363660
Wales,0.004495496141787538,2022-11-22 13:41:51.380039
Morocco,0.003503656934659898,2022-11-22 13:41:51.396769
Japan,0.003109162133511158,2022-11-22 13:41:51.413755
Australia,0.002329185996808383,2022-11-22 13:41:51.428960
Canada,0.002830169906020621,2022-11-22 13:41:51.444364
Saudi Arabia,0.003113513997606704,2022-11-22 13:41:51.459968
Ghana,0.002528086622212845,2022-11-22 13:41:51.475798
South Korea,0.0029200139371158176,2022-11-22 13:41:51.491850
Cameroon,0.0026274596629975865,2022-11-22 13:41:51.508065
Iran,0.0013624231267654323,2022-11-22 13:41:51.524486
Tunisia,0.0017172015356339825,2022-11-22 13:41:51.540995
Costa Rica,0.0013981453663153703,2022-11-22 13:41:51.557708
Qatar,0.0010883118681408721,2022-11-22 13:41:51.574595
Brazil,0.21651655710012394,2022-11-22 13:46:20.589542
England,0.11213235453055001,2022-11-22 13:46:20.609181
France,0.10064958519742581,2022-11-22 13:46:20.641629
Argentina,0.09822517810200587,2022-11-22 13:46:20.662707
Spain,0.08226699721442458,2022-11-22 13:46:20.685136
Germany,0.07341598716760023,2022-11-22 13:46:20.709854
Netherlands,0.06998851454430201,2022-11-22 13:46:20.728492
Portugal,0.056925476691644224,2022-11-22 13:46:20.741976
Belgium,0.04268561342768025,2022-11-22 13:46:20.754749
Denmark,0.02972580462462171,2022-11-22 13:46:20.768830
Uruguay,0.022374905689335377,2022-11-22 13:46:20.781930
Croatia,0.014651406995745263,2022-11-22 13:46:20.794841
Serbia,0.009419305576538927,2022-11-22 13:46:20.810043
Switzerland,0.007852786082555236,2022-11-22 13:46:20.823540
Mexico,0.006782153506252204,2022-11-22 13:46:20.838784
Ecuador,0.007511900520721589,2022-11-22 13:46:20.852949
Poland,0.005454207601083185,2022-11-22 13:46:20.868310
USA,0.0055932108284025735,2022-11-22 13:46:20.882739
Senegal,0.0047957793761786785,2022-11-22 13:46:20.908314
Wales,0.004496427379408023,2022-11-22 13:46:20.938309
Morocco,0.003504382713760563,2022-11-22 13:46:20.982450
Japan,0.0031098061934003436,2022-11-22 13:46:20.999973
Australia,0.0023296684854051753,2022-11-22 13:46:21.016449
Canada,0.002830756172943276,2022-11-22 13:46:21.033827
Saudi Arabia,0.003116766305911669,2022-11-22 13:46:21.051151
Ghana,0.0025286103128792804,2022-11-22 13:46:21.072036
South Korea,0.002920618815141473,2022-11-22 13:46:21.090021
Cameroon,0.0026280039386920415,2022-11-22 13:46:21.142170
Iran,0.001362705351381058,2022-11-22 13:46:21.182610
Tunisia,0.0017175572522493462,2022-11-22 13:46:21.201096
Costa Rica,0.0013984349907579135,2022-11-22 13:46:21.219848
Qatar,0.0010885373108778847,2022-11-22 13:46:21.237296
Brazil,0.21651780213920868,2022-11-22 13:49:03.111380
England,0.11202121704167932,2022-11-22 13:49:03.123071
France,0.10074895401081022,2022-11-22 13:49:03.136457
Argentina,0.09822574292802878,2022-11-22 13:49:03.168290
Spain,0.08226747027583056,2022-11-22 13:49:03.202640
Germany,0.07341640933288261,2022-11-22 13:49:03.227352
Netherlands,0.06998891700052642,2022-11-22 13:49:03.253663
Portugal,0.05692580403124517,2022-11-22 13:49:03.267000
Belgium,0.04268585888353724,2022-11-22 13:49:03.282892
Denmark,0.029725975557455108,2022-11-22 13:49:03.296945
Uruguay,0.022375034352161323,2022-11-22 13:49:03.310933
Croatia,0.014658733167195195,2022-11-22 13:49:03.325212
Serbia,0.0094193597405426,2022-11-22 13:49:03.339459
Switzerland,0.007852831238573455,2022-11-22 13:49:03.354085
Mexico,0.006782192505792504,2022-11-22 13:49:03.369171
Ecuador,0.00751194371653938,2022-11-22 13:49:03.383981
Poland,0.005454238964512064,2022-11-22 13:49:03.398884
USA,0.005593242991144231,2022-11-22 13:49:03.413989
Senegal,0.004795806953435795,2022-11-22 13:49:03.429250
Wales,0.004496453235295924,2022-11-22 13:49:03.444846
Morocco,0.0035044028650760327,2022-11-22 13:49:03.460917
Japan,0.003109824075775293,2022-11-22 13:49:03.476963
Australia,0.0023296818817401146,2022-11-22 13:49:03.493401
Canada,0.002830772450691832,2022-11-22 13:49:03.509633
Saudi Arabia,0.003116784228309479,2022-11-22 13:49:03.525572
Ghana,0.002528624853193018,2022-11-22 13:49:03.542718
South Korea,0.0029206356096288097,2022-11-22 13:49:03.559696
Cameroon,0.002628019050550748,2022-11-22 13:49:03.576723
Iran,0.0013627131873703523,2022-11-22 13:49:03.593842
Tunisia,0.0017175671287499614,2022-11-22 13:49:03.611119
Costa Rica,0.001398443032204001,2022-11-22 13:49:03.628528
Qatar,0.0010885435703137237,2022-11-22 13:49:03.646132
Brazil,0.21651672461310717,2022-11-22 13:50:40.022063
England,0.1120206595550242,2022-11-22 13:50:40.033423
France,0.10084724217649632,2022-11-22 13:50:40.046559
Argentina,0.09822525409616,2022-11-22 13:50:40.060401
Spain,0.08226706086216733,2022-11-22 13:50:40.081506
Germany,0.07341604396755673,2022-11-22 13:50:40.098470
Netherlands,0.06998856869251599,2022-11-22 13:50:40.112622
Portugal,0.05692552073334039,2022-11-22 13:50:40.142927
Belgium,0.04268564645238073,2022-11-22 13:50:40.155557
Denmark,0.029725827622669888,2022-11-22 13:50:40.168193
Uruguay,0.022281110062244137,2022-11-22 13:50:40.180729
Croatia,0.014658660216299486,2022-11-22 13:50:40.193344
Serbia,0.00941931286399998,2022-11-22 13:50:40.206124
Switzerland,0.007852792158042677,2022-11-22 13:50:40.219078
Mexico,0.006782158753420281,2022-11-22 13:50:40.232320
Ecuador,0.007511906332475124,2022-11-22 13:50:40.245637
Poland,0.00545421182085556,2022-11-22 13:50:40.259222
USA,0.005593215155717973,2022-11-22 13:50:40.272984
Senegal,0.0047957830865430085,2022-11-22 13:50:40.286845
Wales,0.004496430858171838,2022-11-22 13:50:40.300878
Morocco,0.003504385425006348,2022-11-22 13:50:40.315013
Japan,0.0031098085993729848,2022-11-22 13:50:40.329413
Australia,0.0023296702878064473,2022-11-22 13:50:40.343993
Canada,0.0028307583630224906,2022-11-22 13:50:40.358606
Saudi Arabia,0.00311676871726916,2022-11-22 13:50:40.373504
Ghana,0.0025286122691964446,2022-11-22 13:50:40.388600
South Korea,0.0029206210747449745,2022-11-22 13:50:40.404220
Cameroon,0.002628005971907356,2022-11-22 13:50:40.419626
Iran,0.0013627064056692,2022-11-22 13:50:40.435283
Tunisia,0.001717558581076772,2022-11-22 13:50:40.451087
Costa Rica,0.0013984360726891076,2022-11-22 13:50:40.466957
Qatar,0.0010885381530496554,2022-11-22 13:50:40.483039
Brazil,0.21674519539404494,2022-11-22 13:57:35.100766
England,0.11206998721789509,2022-11-22 13:57:35.125105
France,0.10088193780238258,2022-11-22 13:57:35.146224
Argentina,0.098268507030384,2022-11-22 13:57:35.173111
Spain,0.08230328669639922,2022-11-22 13:57:35.188492
Germany,0.0734483723066375,2022-11-22 13:57:35.202897
Netherlands,0.06991879690644111,2022-11-22 13:57:35.223946
Portugal,0.056825085270557574,2022-11-22 13:57:35.245608
Belgium,0.042704442834994374,2022-11-22 13:57:35.261147
Denmark,0.029738917222475438,2022-11-22 13:57:35.276904
Uruguay,0.022246522228076243,2022-11-22 13:57:35.293341
Croatia,0.014665115074288724,2022-11-22 13:57:35.309661
Serbia,0.009453601452337982,2022-11-22 13:57:35.325934
Switzerland,0.007856250090585708,2022-11-22 13:57:35.341879
Mexico,0.006694222776753695,2022-11-22 13:57:35.358055
Ecuador,0.007515214157875884,2022-11-22 13:57:35.375013
Poland,0.005444800567606277,2022-11-22 13:57:35.392198
USA,0.005580431824712016,2022-11-22 13:57:35.410801
Senegal,0.0047978948824584635,2022-11-22 13:57:35.429918
Wales,0.004498410836029273,2022-11-22 13:57:35.448190
Morocco,0.0032966214336214625,2022-11-22 13:57:35.465564
Japan,0.0031111779859735655,2022-11-22 13:57:35.483785
Australia,0.002333670450082492,2022-11-22 13:57:35.502878
Canada,0.0028347782480045007,2022-11-22 13:57:35.529800
Saudi Arabia,0.0031153575349922072,2022-11-22 13:57:35.551209
Ghana,0.0025297257292853387,2022-11-22 13:57:35.574078
South Korea,0.0029219071536907767,2022-11-22 13:57:35.595461
Cameroon,0.0026319365760224716,2022-11-22 13:57:35.615877
Iran,0.0013633064657156044,2022-11-22 13:57:35.636215
Tunisia,0.0017164564989243306,2022-11-22 13:57:35.656732
Costa Rica,0.0013990518660919862,2022-11-22 13:57:35.677369
Qatar,0.0010890174846591015,2022-11-22 13:57:35.697302
Brazil,0.2166106760832582,2022-11-22 14:13:29.305790
England,0.11210684747273054,2022-11-22 14:13:29.322845
France,0.10085125148476808,2022-11-22 14:13:29.379178
Argentina,0.0982596710883461,2022-11-22 14:13:29.410782
Spain,0.08235070824211103,2022-11-22 14:13:29.432922
Germany,0.07359940290894805,2022-11-22 14:13:29.463829
Netherlands,0.0698985494002283,2022-11-22 14:13:29.479014
Portugal,0.057152386468901265,2022-11-22 14:13:29.493892
Belgium,0.042756894692815184,2022-11-22 14:13:29.509261
Denmark,0.029488730792461983,2022-11-22 14:13:29.525237
Uruguay,0.022287296794123248,2022-11-22 14:13:29.541926
Croatia,0.014641107996381998,2022-11-22 14:13:29.562344
Serbia,0.009491174443339995,2022-11-22 14:13:29.603595
Switzerland,0.007874066373051275,2022-11-22 14:13:29.647909
Mexico,0.006749891779019935,2022-11-22 14:13:29.673133
Ecuador,0.007474886267488367,2022-11-22 14:13:29.690545
Poland,0.00539789799981009,2022-11-22 14:13:29.709262
USA,0.0055620892361150885,2022-11-22 14:13:29.725816
Senegal,0.004768719283991533,2022-11-22 14:13:29.741945
Wales,0.004420876791520955,2022-11-22 14:13:29.758977
Morocco,0.0033258691345434696,2022-11-22 14:13:29.775587
Japan,0.003095853798672121,2022-11-22 14:13:29.792278
Australia,0.0023532132519697114,2022-11-22 14:13:29.809223
Canada,0.0028008777048831603,2022-11-22 14:13:29.826943
Saudi Arabia,0.003213606436980065,2022-11-22 14:13:29.844896
Ghana,0.0024908975772667237,2022-11-22 14:13:29.863436
South Korea,0.0028654917953062874,2022-11-22 14:13:29.882379
Cameroon,0.002589513261930401,2022-11-22 14:13:29.900363
Iran,0.0013519468983432062,2022-11-22 14:13:29.918437
Tunisia,0.0016935569409782306,2022-11-22 14:13:29.937025
Costa Rica,0.0013860893116989675,2022-11-22 14:13:29.956035
Qatar,0.0010899582880170085,2022-11-22 14:13:29.975202
Brazil,0.21643765823702493,2022-11-22 14:24:30.691668
England,0.11251472132410655,2022-11-22 14:24:30.714322
France,0.1008823010870644,2022-11-22 14:24:30.731349
Argentina,0.09828992280723056,2022-11-22 14:24:30.743379
Spain,0.0823760619853923,2022-11-22 14:24:30.755937
Germany,0.07362206234208277,2022-11-22 14:24:30.776656
Netherlands,0.06992006943223598,2022-11-22 14:24:30.789162
Portugal,0.056786451220163334,2022-11-22 14:24:30.802040
Belgium,0.04258261849336681,2022-11-22 14:24:30.814539
Denmark,0.028976109007777195,2022-11-22 14:24:30.827178
Uruguay,0.02218818969855108,2022-11-22 14:24:30.839891
Croatia,0.014645615630881051,2022-11-22 14:24:30.852645
Serbia,0.00945876559069188,2022-11-22 14:24:30.865758
Switzerland,0.007876490603050791,2022-11-22 14:24:30.878899
Mexico,0.006843387279518168,2022-11-22 14:24:30.892214
Ecuador,0.007550647991258261,2022-11-22 14:24:30.905729
Poland,0.005515625498112531,2022-11-22 14:24:30.919371
USA,0.0056481141603385845,2022-11-22 14:24:30.933329
Senegal,0.00483524972518718,2022-11-22 14:24:30.947500
Wales,0.004545648612289068,2022-11-22 14:24:30.961699
Morocco,0.0032898330907809,2022-11-22 14:24:30.976110
Japan,0.0031215546406705703,2022-11-22 14:24:30.990653
Australia,0.0023229568301894443,2022-11-22 14:24:31.005398
Canada,0.0028945286453903154,2022-11-22 14:24:31.020404
Saudi Arabia,0.003082191595869554,2022-11-22 14:24:31.035529
Ghana,0.002541258666760398,2022-11-22 14:24:31.050720
South Korea,0.002940715918377793,2022-11-22 14:24:31.066251
Cameroon,0.002664652418047333,2022-11-22 14:24:31.082014
Iran,0.0013772097593863898,2022-11-22 14:24:31.097805
Tunisia,0.0017801668906268023,2022-11-22 14:24:31.113873
Costa Rica,0.0014113626843455325,2022-11-22 14:24:31.129904
Qatar,0.0010778581332319015,2022-11-22 14:24:31.146178
Brazil,0.21643526939336,2022-11-22 14:25:51.472421
England,0.11272558308952532,2022-11-22 14:25:51.485473
France,0.10088118763921147,2022-11-22 14:25:51.497223
Argentina,0.098288837971711,2022-11-22 14:25:51.509314
Spain,0.08237515279271566,2022-11-22 14:25:51.521734
Germany,0.0736212497681589,2022-11-22 14:25:51.534356
Netherlands,0.06991929771757101,2022-11-22 14:25:51.550538
Portugal,0.056785824462530866,2022-11-22 14:25:51.565185
Belgium,0.04258214850482944,2022-11-22 14:25:51.579252
Denmark,0.028801458822971825,2022-11-22 14:25:51.592414
Uruguay,0.022187944805324874,2022-11-22 14:25:51.606907
Croatia,0.014645453985784703,2022-11-22 14:25:51.621997
Serbia,0.009458661193368217,2022-11-22 14:25:51.636750
Switzerland,0.007876403669451379,2022-11-22 14:25:51.651342
Mexico,0.006843311748381477,2022-11-22 14:25:51.667116
Ecuador,0.007550564654015717,2022-11-22 14:25:51.683163
Poland,0.0055210983049177815,2022-11-22 14:25:51.699867
USA,0.005648051821548557,2022-11-22 14:25:51.715410
Senegal,0.00483519635806166,2022-11-22 14:25:51.730631
Wales,0.004545598441519438,2022-11-22 14:25:51.745872
Morocco,0.0032897967805703677,2022-11-22 14:25:51.761451
Japan,0.003121520187765799,2022-11-22 14:25:51.777197
Australia,0.0023001383718135628,2022-11-22 14:25:51.792855
Canada,0.0028944966981937236,2022-11-22 14:25:51.808930
Saudi Arabia,0.0030656137218487375,2022-11-22 14:25:51.825025
Ghana,0.002541230618639214,2022-11-22 14:25:51.841156
South Korea,0.0029406834614077388,2022-11-22 14:25:51.857335
Cameroon,0.0026667081599946797,2022-11-22 14:25:51.874730
Iran,0.001377194558987181,2022-11-22 14:25:51.891835
Tunisia,0.0017851289520166645,2022-11-22 14:25:51.908942
Costa Rica,0.0014113471069971408,2022-11-22 14:25:51.925978
Qatar,0.001077846236805955,2022-11-22 14:25:51.943848
Brazil,0.21639519036728647,2022-11-22 14:31:43.031156
England,0.11270470880412599,2022-11-22 14:31:43.042747
France,0.1008625066739462,2022-11-22 14:31:43.054281
Argentina,0.09827063705228208,2022-11-22 14:31:43.065775
Spain,0.08235989873589838,2022-11-22 14:31:43.080967
Germany,0.0736076167406154,2022-11-22 14:31:43.099124
Netherlands,0.0699063502096897,2022-11-22 14:31:43.133771
Portugal,0.05677530898348894,2022-11-22 14:31:43.156917
Belgium,0.04257426323250311,2022-11-22 14:31:43.199208
Denmark,0.028970423520173545,2022-11-22 14:31:43.230974
Uruguay,0.022183836088566913,2022-11-22 14:31:43.263737
Croatia,0.014642741971546913,2022-11-22 14:31:43.307164
Serbia,0.009456909658465186,2022-11-22 14:31:43.330978
Switzerland,0.007874945133654887,2022-11-22 14:31:43.345982
Mexico,0.006842044518365032,2022-11-22 14:31:43.359675
Ecuador,0.0075491664563999295,2022-11-22 14:31:43.374054
Poland,0.005520075919594273,2022-11-22 14:31:43.388524
USA,0.005647005927240966,2022-11-22 14:31:43.403151
Senegal,0.004834300986612042,2022-11-22 14:31:43.417832
Wales,0.004544756697200373,2022-11-22 14:31:43.432649
Morocco,0.00330303459791952,2022-11-22 14:31:43.447657
Japan,0.0031209421512501,2022-11-22 14:31:43.462787
Australia,0.002299712437047778,2022-11-22 14:31:43.478215
Canada,0.0028939607014083486,2022-11-22 14:31:43.493672
Saudi Arabia,0.0030620788204809854,2022-11-22 14:31:43.509304
Ghana,0.0025407600389203504,2022-11-22 14:31:43.528051
South Korea,0.0029401389118550985,2022-11-22 14:31:43.545010
Cameroon,0.0026662143446097176,2022-11-22 14:31:43.561457
Iran,0.001376939533007392,2022-11-22 14:31:43.578005
Tunisia,0.0017847983856075344,2022-11-22 14:31:43.594678
Costa Rica,0.0014110857567206417,2022-11-22 14:31:43.611574
Qatar,0.0010776466435162416,2022-11-22 14:31:43.629241
Brazil,0.2164927818609572,2022-11-22 14:38:13.427726
England,0.11263745399213025,2022-11-22 14:38:13.439287
France,0.1009079943886453,2022-11-22 14:38:13.451015
Argentina,0.09831495586656638,2022-11-22 14:38:13.463402
Spain,0.08239704200845709,2022-11-22 14:38:13.475738
Germany,0.07364081284470193,2022-11-22 14:38:13.490017
Netherlands,0.06993787708938815,2022-11-22 14:38:13.502959
Portugal,0.05680091392968904,2022-11-22 14:38:13.518482
Belgium,0.04259346368669868,2022-11-22 14:38:13.534540
Denmark,0.028731079528036496,2022-11-22 14:38:13.547582
Uruguay,0.02219384071803929,2022-11-22 14:38:13.560430
Croatia,0.014649345662959891,2022-11-22 14:38:13.573232
Serbia,0.00946117460510061,2022-11-22 14:38:13.586097
Switzerland,0.007878496634299905,2022-11-22 14:38:13.599168
Mexico,0.006845130193897725,2022-11-22 14:38:13.617089
Ecuador,0.007479428486720585,2022-11-22 14:38:13.630492
Poland,0.005522565404010515,2022-11-22 14:38:13.643983
USA,0.005649552655485118,2022-11-22 14:38:13.657513
Senegal,0.004819748497870391,2022-11-22 14:38:13.671375
Wales,0.004546806324984136,2022-11-22 14:38:13.709469
Morocco,0.0033045242247430645,2022-11-22 14:38:13.723983
Japan,0.0031223496566834853,2022-11-22 14:38:13.738576
Australia,0.002300749578267801,2022-11-22 14:38:13.753297
Canada,0.0028952658410789462,2022-11-22 14:38:13.768547
Saudi Arabia,0.0030630210690907253,2022-11-22 14:38:13.798235
Ghana,0.0025419058895598044,2022-11-22 14:38:13.826882
South Korea,0.002941464877314499,2022-11-22 14:38:13.845478
Cameroon,0.0026674167735541644,2022-11-22 14:38:13.860886
Iran,0.0013775605153198563,2022-11-22 14:38:13.876509
Tunisia,0.0017954224086794838,2022-11-22 14:38:13.892267
Costa Rica,0.001411722138548085,2022-11-22 14:38:13.908005
Qatar,0.0010781326485213045,2022-11-22 14:38:13.923955
Brazil,0.2165778384604345,2022-11-22 14:42:38.806968
England,0.11268170747129014,2022-11-22 14:42:38.819746
France,0.10094763954812355,2022-11-22 14:42:38.834874
Argentina,0.09835358226210664,2022-11-22 14:42:38.848181
Spain,0.08242941450669922,2022-11-22 14:42:38.862753
Germany,0.07366974515860854,2022-11-22 14:42:38.875928
Netherlands,0.06996535457823903,2022-11-22 14:42:38.891075
Portugal,0.05682323011291018,2022-11-22 14:42:38.904231
Belgium,0.04261019798679871,2022-11-22 14:42:38.917051
Denmark,0.02844335486815307,2022-11-22 14:42:38.930454
Uruguay,0.022202560328017002,2022-11-22 14:42:38.944084
Croatia,0.014655101159821948,2022-11-22 14:42:38.965464
Serbia,0.009464891751381668,2022-11-22 14:42:38.979436
Switzerland,0.007881591971368174,2022-11-22 14:42:38.993970
Mexico,0.006847819537589775,2022-11-22 14:42:39.009715
Ecuador,0.00745433871646849,2022-11-22 14:42:39.025205
Poland,0.005513867534231442,2022-11-22 14:42:39.042451
USA,0.005651772275618929,2022-11-22 14:42:39.058706
Senegal,0.004806714209020102,2022-11-22 14:42:39.076072
Wales,0.0045434374480504995,2022-11-22 14:42:39.091315
Morocco,0.0032837536852709263,2022-11-22 14:42:39.108415
Japan,0.0031201870220222815,2022-11-22 14:42:39.124216
Australia,0.0022997721495245497,2022-11-22 14:42:39.141056
Canada,0.0028950726733575926,2022-11-22 14:42:39.157884
Saudi Arabia,0.0030642244817589196,2022-11-22 14:42:39.174991
Ghana,0.0025397581697739935,2022-11-22 14:42:39.192389
South Korea,0.002942620532472124,2022-11-22 14:42:39.210893
Cameroon,0.0026653888501969405,2022-11-22 14:42:39.231219
Iran,0.0013781017371194938,2022-11-22 14:42:39.248428
Tunisia,0.0017961278018265203,2022-11-22 14:42:39.268725
Costa Rica,0.0014122767819106927,2022-11-22 14:42:39.291086
Qatar,0.0010785562298346414,2022-11-22 14:42:39.310957
Brazil,0.2166873629965723,2022-11-22 14:45:17.298669
England,0.1126660551443835,2022-11-22 14:45:17.310752
France,0.10093361717048908,2022-11-22 14:45:17.324321
Argentina,0.09833992021831486,2022-11-22 14:45:17.337252
Spain,0.08241796444819784,2022-11-22 14:45:17.350496
Germany,0.0737746297267178,2022-11-22 14:45:17.366346
Netherlands,0.06995563587032652,2022-11-22 14:45:17.382270
Portugal,0.0568153369437918,2022-11-22 14:45:17.395304
Belgium,0.04268526028041402,2022-11-22 14:45:17.410389
Denmark,0.02820013346071849,2022-11-22 14:45:17.423586
Uruguay,0.022199476227321182,2022-11-22 14:45:17.437550
Croatia,0.014653065457316627,2022-11-22 14:45:17.451085
Serbia,0.0094635770075501,2022-11-22 14:45:17.465008
Switzerland,0.007880497159647186,2022-11-22 14:45:17.478643
Mexico,0.006846868324545482,2022-11-22 14:45:17.492895
Ecuador,0.007453303253401048,2022-11-22 14:45:17.506928
Poland,0.005513101617037761,2022-11-22 14:45:17.521108
USA,0.005676664632244746,2022-11-22 14:45:17.535574
Senegal,0.004806046520680666,2022-11-22 14:45:17.550228
Wales,0.004556307867818103,2022-11-22 14:45:17.565241
Morocco,0.0032873204828589007,2022-11-22 14:45:17.580570
Japan,0.003119753604847706,2022-11-22 14:45:17.599657
Australia,0.002299452694075188,2022-11-22 14:45:17.615329
Canada,0.0028946705262396727,2022-11-22 14:45:17.631158
Saudi Arabia,0.0030637988381972438,2022-11-22 14:45:17.646982
Ghana,0.0025394053784822284,2022-11-22 14:45:17.663253
South Korea,0.002942211780603076,2022-11-22 14:45:17.679560
Cameroon,0.002665018607869656,2022-11-22 14:45:17.696105
Iran,0.0013779103085426285,2022-11-22 14:45:17.712814
Tunisia,0.0017951464342731195,2022-11-22 14:45:17.729552
Costa Rica,0.0014120806061660295,2022-11-22 14:45:17.746800
Qatar,0.001078406410355727,2022-11-22 14:45:17.763926
Brazil,0.2166571475985827,2022-11-22 14:55:41.075673
England,0.11265034472339251,2022-11-22 14:55:41.091764
France,0.10109918981392166,2022-11-22 14:55:41.107802
Argentina,0.09832620746743466,2022-11-22 14:55:41.123903
Spain,0.0824064718924583,2022-11-22 14:55:41.139144
Germany,0.07376434241799847,2022-11-22 14:55:41.154379
Netherlands,0.06994588109113588,2022-11-22 14:55:41.189033
Portugal,0.056807414478937696,2022-11-22 14:55:41.225660
Belgium,0.04267930814684321,2022-11-22 14:55:41.260257
Denmark,0.028163520908789267,2022-11-22 14:55:41.291068
Uruguay,0.022196380679892422,2022-11-22 14:55:41.317660
Croatia,0.014651022199239933,2022-11-22 14:55:41.334071
Serbia,0.009462257384007066,2022-11-22 14:55:41.351150
Switzerland,0.007879398284499408,2022-11-22 14:55:41.367411
Mexico,0.006845913581045227,2022-11-22 14:55:41.383925
Ecuador,0.007452263947181136,2022-11-22 14:55:41.400657
Poland,0.005512332857119267,2022-11-22 14:55:41.417567
USA,0.005675873064712867,2022-11-22 14:55:41.434479
Senegal,0.004805376354195779,2022-11-22 14:55:41.451778
Wales,0.0045556725254811735,2022-11-22 14:55:41.469182
Morocco,0.0032868620911219054,2022-11-22 14:55:41.487299
Japan,0.003120934308300018,2022-11-22 14:55:41.505180
Australia,0.0022991320529572707,2022-11-22 14:55:41.523389
Canada,0.0028942668865405714,2022-11-22 14:55:41.541853
Saudi Arabia,0.003063371614846625,2022-11-22 14:55:41.560431
Ghana,0.002539051277794922,2022-11-22 14:55:41.579241
South Korea,0.0029418015116391126,2022-11-22 14:55:41.599065
Cameroon,0.002664646991376784,2022-11-22 14:55:41.618236
Iran,0.0013777181694728147,2022-11-22 14:55:41.637891
Tunisia,0.0017857559419550628,2022-11-22 14:55:41.657777
Costa Rica,0.001411883702309161,2022-11-22 14:55:41.677832
Qatar,0.0010782560348172885,2022-11-22 14:55:41.697930
Brazil,0.2174509708983064,2022-11-22 15:00:59.379108
England,0.11270494754393895,2022-11-22 15:00:59.392999
France,0.10114819366679359,2022-11-22 15:00:59.406625
Argentina,0.09812925144713766,2022-11-22 15:00:59.420427
Spain,0.08258201741147075,2022-11-22 15:00:59.435397
Germany,0.07380009677952896,2022-11-22 15:00:59.449954
Netherlands,0.06997978460383758,2022-11-22 15:00:59.467763
Portugal,0.05683494963709559,2022-11-22 15:00:59.483157
Belgium,0.04269999526155653,2022-11-22 15:00:59.498519
Denmark,0.02683107620681617,2022-11-22 15:00:59.513753
Uruguay,0.02229688908127098,2022-11-22 15:00:59.531434
Croatia,0.014658123705568484,2022-11-22 15:00:59.550019
Serbia,0.009466843840827696,2022-11-22 15:00:59.565966
Switzerland,0.007883217512674862,2022-11-22 15:00:59.581609
Mexico,0.0069227549984077,2022-11-22 15:00:59.599231
Ecuador,0.007455876138799117,2022-11-22 15:00:59.615732
Poland,0.005576660396041465,2022-11-22 15:00:59.632710
USA,0.005678624220771534,2022-11-22 15:00:59.649191
Senegal,0.0048077055712378615,2022-11-22 15:00:59.666314
Wales,0.004544374510673506,2022-11-22 15:00:59.684237
Morocco,0.0032884552681455804,2022-11-22 15:00:59.702348
Japan,0.003125837113996701,2022-11-22 15:00:59.728093
Australia,0.002300246466723233,2022-11-22 15:00:59.746408
Canada,0.0028970007149430026,2022-11-22 15:00:59.764696
Saudi Arabia,0.0030566315208164054,2022-11-22 15:00:59.788356
Ghana,0.002540281982961604,2022-11-22 15:00:59.806545
South Korea,0.0029432274341288987,2022-11-22 15:00:59.830848
Cameroon,0.0026659385741220213,2022-11-22 15:00:59.850176
Iran,0.0013783859641267589,2022-11-22 15:00:59.869480
Tunisia,0.001860294792931614,2022-11-22 15:00:59.888345
Costa Rica,0.0014125680573603499,2022-11-22 15:00:59.907287
Qatar,0.001078778676988662,2022-11-22 15:00:59.929918
Brazil,0.21930277655377492,2022-11-22 15:53:53.232067
England,0.11240997523128617,2022-11-22 15:53:53.251254
France,0.10121212214991825,2022-11-22 15:53:53.266082
Argentina,0.09654666984821492,2022-11-22 15:53:53.280900
Spain,0.08304194981235227,2022-11-22 15:53:53.294998
Germany,0.07386951253502659,2022-11-22 15:53:53.309734
Netherlands,0.07036261669631814,2022-11-22 15:53:53.324761
Portugal,0.05703419904104564,2022-11-22 15:53:53.343676
Belgium,0.04277025434727056,2022-11-22 15:53:53.388314
Uruguay,0.022303851810990726,2022-11-22 15:53:53.443073
Denmark,0.02483901157403526,2022-11-22 15:53:53.482273
Croatia,0.014771649470587846,2022-11-22 15:53:53.523599
Serbia,0.009529994293906134,2022-11-22 15:53:53.561277
Switzerland,0.007923671108186243,2022-11-22 15:53:53.581783
Mexico,0.007147765612368789,2022-11-22 15:53:53.598298
Ecuador,0.007520927651826097,2022-11-22 15:53:53.616280
Poland,0.005771858834230102,2022-11-22 15:53:53.640623
USA,0.005606896694812509,2022-11-22 15:53:53.659722
Senegal,0.004849372623150121,2022-11-22 15:53:53.678902
Wales,0.004535217950189823,2022-11-22 15:53:53.697437
Morocco,0.003329082973687827,2022-11-22 15:53:53.716180
Saudi Arabia,0.0031176841355118065,2022-11-22 15:53:53.735042
Japan,0.0031232239336519856,2022-11-22 15:53:53.766554
Australia,0.0022873079524565465,2022-11-22 15:53:53.802789
Canada,0.002869711874405231,2022-11-22 15:53:53.829570
Ghana,0.0025589649301836397,2022-11-22 15:53:53.860577
South Korea,0.002944620989568831,2022-11-22 15:53:53.883721
Cameroon,0.002678448183450979,2022-11-22 15:53:53.910922
Iran,0.0013439754043932882,2022-11-22 15:53:53.932399
Tunisia,0.0019562975474178216,2022-11-22 15:53:53.957769
Costa Rica,0.0013798074732260248,2022-11-22 15:53:53.980140
Qatar,0.0010605807625551755,2022-11-22 15:53:54.007983
